date,price,funding,cost,total
2021-06-29,0.0018219,1.2e-05,-3.589e-05,0.00179801
2021-06-30,0.00033877,7.68e-06,-2.32e-06,0.00034413
2021-07-01,1.008e-05,9.65e-06,-4.68e-06,1.505e-05
2021-07-02,0.00053991,6.83e-06,-6.3e-06,0.00054044
2021-07-03,-0.00017112,5.11e-06,-3.62e-06,-0.00016964
2021-07-04,-0.00072163,-1.63e-06,-3.1e-06,-0.00072636
2021-07-05,2.931e-05,1.219e-05,-4.11e-06,3.74e-05
2021-07-06,-0.00024585,5.22e-06,-3.61e-06,-0.00024424
2021-07-07,2.847e-05,6.74e-06,-4.58e-06,3.063e-05
2021-07-08,-0.00126057,-6.15e-06,-7.9e-06,-0.00127462
2021-07-09,-0.00029067,-6.64e-06,-1.169e-05,-0.000309
2021-07-10,-0.00027438,1.503e-05,-2.3e-06,-0.00026165
2021-07-11,2.554e-05,9.91e-06,-4.15e-06,3.13e-05
2021-07-12,1.22e-05,1.222e-05,-1.7e-06,2.273e-05
2021-07-13,-0.00124675,5.55e-06,-1.74e-06,-0.00124295
2021-07-14,0.00101837,4.7e-06,-2.79e-06,0.00102029
2021-07-15,2.931e-05,5.3e-07,-4.62e-06,2.522e-05
2021-07-16,-0.0001139,1.117e-05,-5.39e-06,-0.00010812
2021-07-17,0.00026011,5.8e-06,-2.97e-06,0.00026294
2021-07-18,-0.00078837,2.006e-05,-4.26e-06,-0.00077258
2021-07-19,0.00077036,1.044e-05,-1.78e-06,0.00077901
2021-07-20,0.00106837,1.595e-05,-1.12e-06,0.0010832
2021-07-21,-0.00050803,1.042e-05,-4.57e-06,-0.00050218
2021-07-22,-0.00137323,-5.05e-06,-5.54e-06,-0.00138381
2021-07-23,0.00494188,3.208e-05,-1.033e-05,0.00496363
2021-07-24,-0.00085697,1.983e-05,-5.78e-06,-0.00084292
2021-07-25,-0.00135058,1.572e-05,-7.35e-06,-0.00134221
2021-07-26,-0.00110205,6.19e-06,-1.421e-05,-0.00111007
2021-07-27,-1.862e-05,1.317e-05,-7.17e-06,-1.262e-05
2021-07-28,-0.0014975,1.495e-05,-7.57e-06,-0.00149011
2021-07-29,-0.0005208,7.63e-06,-1.019e-05,-0.00052336
2021-07-30,-0.00032816,1.84e-06,-1.13e-05,-0.00033762
2021-07-31,-0.00130455,-2.3e-06,-6.56e-06,-0.00131341
2021-08-01,-0.00261102,-2.26e-06,-7.01e-06,-0.00262029
2021-08-02,0.00091917,1.3e-06,-8.4e-06,0.00091207
2021-08-03,-0.00101077,-2.3e-07,-1.004e-05,-0.00102104
2021-08-04,0.0018489,1.574e-05,-9.04e-06,0.0018556
2021-08-05,-0.00186976,5.58e-06,-1.023e-05,-0.00187441
2021-08-06,-0.00087892,-1.7e-07,-1.178e-05,-0.00089087
2021-08-07,-0.00203004,5.69e-06,-1.053e-05,-0.00203488
2021-08-08,0.00037187,-5.07e-06,-7.18e-06,0.00035962
2021-08-09,-0.00116159,-1.29e-06,-1.181e-05,-0.00117468
2021-08-10,0.00295914,-8.13e-06,-9.32e-06,0.00294169
2021-08-11,-0.00215672,-6.8e-06,-9.65e-06,-0.00217317
2021-08-12,0.00027576,1.263e-05,-8.3e-06,0.00028009
2021-08-13,0.00089857,-1.79e-06,-1.349e-05,0.00088329
2021-08-14,0.00054979,-6.32e-06,-1.372e-05,0.00052976
2021-08-15,-0.00112746,-3.001e-05,-1.195e-05,-0.00116942
2021-08-16,-0.00243661,1.881e-05,-1.328e-05,-0.00243108
2021-08-17,0.00089247,-7.25e-06,-1.186e-05,0.00087337
2021-08-18,0.00392153,-1.74e-06,-1.297e-05,0.00390682
2021-08-19,0.00140026,-8.61e-06,-7.09e-06,0.00138455
2021-08-20,0.0002312,-3.55e-05,-6.63e-06,0.00018907
2021-08-21,-0.00178909,1.49e-06,-6.71e-06,-0.00179431
2021-08-22,0.00105497,9.69e-06,-6.62e-06,0.00105805
2021-08-23,0.00037885,1.226e-05,-1.297e-05,0.00037815
2021-08-24,0.00069862,1.667e-05,-1.103e-05,0.00070426
2021-08-25,-0.00056521,-4.46e-06,-6.46e-06,-0.00057613
2021-08-26,0.00227947,-3.19e-06,-5.33e-06,0.00227095
2021-08-27,0.00212181,5.16e-06,-8.48e-06,0.0021185
2021-08-28,0.00070002,-3.41e-06,-6.83e-06,0.00068978
2021-08-29,-8.947e-05,-5.27e-06,-4.67e-06,-9.942e-05
2021-08-30,0.00240206,-5.4e-06,-2.17e-06,0.00239449
2021-08-31,-0.00172352,-1.244e-05,-5.75e-06,-0.00174171
2021-09-01,-0.00127071,9.11e-06,-8.8e-06,-0.0012704
2021-09-02,0.00237292,-7e-07,-1.073e-05,0.00236149
2021-09-03,0.00011428,2.311e-05,-1.076e-05,0.00012664
2021-09-04,-0.00403083,1.587e-05,-5.49e-06,-0.00402045
2021-09-05,-0.00243423,-1.31e-05,-1.119e-05,-0.00245851
2021-09-06,0.00011022,5.44e-06,-9.46e-06,0.0001062
2021-09-07,0.00307832,-0.00011697,-1.285e-05,0.0029485
2021-09-08,0.00270303,-5.54e-06,-1.571e-05,0.00268179
2021-09-09,-0.0004628,-3.01e-06,-9.66e-06,-0.00047548
2021-09-10,0.00011261,-4.9e-06,-9.15e-06,9.857e-05
2021-09-11,0.00225435,-5.42e-06,-2.035e-05,0.00222857
2021-09-12,-0.00085293,-1.07e-05,-2.447e-05,-0.00088811
2021-09-13,-0.00163593,-1.12e-05,-1.722e-05,-0.00166435
2021-09-14,-0.00366669,-3.91e-06,-8.9e-06,-0.0036795
2021-09-15,0.00108065,-8.47e-06,-6.95e-06,0.00106523
2021-09-16,0.00106692,-2.373e-05,-6.5e-06,0.0010367
2021-09-17,-0.00184821,-1.149e-05,-5.32e-06,-0.00186502
2021-09-18,0.0027156,-4.94e-06,-4.5e-06,0.00270616
2021-09-19,0.00069756,-4.45e-06,-6.6e-06,0.00068651
2021-09-20,-0.00284594,-2.97e-06,-7.18e-06,-0.00285609
2021-09-21,-0.0002307,-9.7e-07,-3.23e-06,-0.00023489
2021-09-22,0.00821688,1.16e-06,-1.932e-05,0.00819871
2021-09-23,0.00210071,3.22e-06,-6.9e-06,0.00209703
2021-09-24,0.00367256,-4.36e-06,-6.01e-06,0.00366219
2021-09-25,-0.00207757,-1.285e-05,-4.29e-06,-0.00209471
2021-09-26,-0.00187309,-1.448e-05,-1.04e-05,-0.00189797
2021-09-27,0.00167517,-9.66e-06,-5.4e-06,0.00166011
2021-09-28,-0.00207029,-2.259e-05,-4.3e-06,-0.00209718
2021-09-29,-0.0008114,-2.531e-05,-2.47e-06,-0.00083918
2021-09-30,0.00097259,-3.894e-05,-2.95e-06,0.0009307
2021-10-01,0.00210944,-1.433e-05,-4.68e-06,0.00209043
2021-10-02,0.00242608,-1.052e-05,-7.53e-06,0.00240803
2021-10-03,0.00228631,6.65e-06,-1.077e-05,0.00228219
2021-10-04,-0.0015873,2.382e-05,-4.77e-06,-0.00156825
2021-10-05,-0.00326901,1.167e-05,-5.16e-06,-0.0032625
2021-10-06,-0.00110236,5.75e-06,-5.43e-06,-0.00110204
2021-10-07,0.00325596,1.103e-05,-5.78e-06,0.00326121
2021-10-08,-3.706e-05,4.122e-05,-1.083e-05,-6.67e-06
2021-10-09,-0.00141207,1.209e-05,-1.364e-05,-0.00141361
2021-10-10,-0.00036188,4.46e-06,-3.6e-06,-0.00036102
2021-10-11,0.00095329,1.847e-05,-7.16e-06,0.0009646
2021-10-12,-0.00026572,9.64e-06,-1.062e-05,-0.0002667
2021-10-13,-0.00056465,6.13e-06,-9.23e-06,-0.00056775
2021-10-14,-1.936e-05,-5.91e-06,-4.65e-06,-2.993e-05
2021-10-15,-0.00174731,1.467e-05,-8.72e-06,-0.00174136
2021-10-16,0.00111024,9.66e-06,-5.15e-06,0.00111475
2021-10-17,0.00197458,1.306e-05,-1.276e-05,0.00197488
2021-10-18,-0.00086232,1.646e-05,-6.92e-06,-0.00085278
2021-10-19,0.00212667,5.017e-05,-7.97e-06,0.00216887
2021-10-20,-0.00035235,4.824e-05,-4.94e-06,-0.00030905
2021-10-21,-0.00058677,3.578e-05,-5.95e-06,-0.00055693
2021-10-22,0.0012604,1.604e-05,-1.149e-05,0.00126495
2021-10-23,-0.00092879,2.133e-05,-1.39e-05,-0.00092136
2021-10-24,0.00058259,4.51e-05,-1.231e-05,0.00061537
2021-10-25,0.00299165,3.935e-05,-5e-06,0.003026
2021-10-26,-0.00089564,4.435e-05,-6.37e-06,-0.00085766
2021-10-27,0.00211807,3.491e-05,-7e-06,0.00214598
2021-10-28,-0.00349597,7.81e-06,-9.26e-06,-0.00349743
2021-10-29,0.00013322,6.61e-06,-8.53e-06,0.0001313
2021-10-30,-0.00169452,1.223e-05,-1.106e-05,-0.00169334
2021-10-31,-0.00062982,1.938e-05,-1.223e-05,-0.00062267
2021-11-01,0.001235,2.957e-05,-6.99e-06,0.00125758
2021-11-02,0.00163543,3.369e-05,-3.74e-06,0.00166538
2021-11-03,0.00070935,2.903e-05,-8.07e-06,0.00073031
2021-11-04,0.00253348,6.385e-05,-1.036e-05,0.00258697
2021-11-05,-0.00136814,2.99e-05,-1.715e-05,-0.00135539
2021-11-06,0.00408515,2.053e-05,-2.219e-05,0.0040835
2021-11-07,2.032e-05,3.589e-05,-6.75e-06,4.946e-05
2021-11-08,-0.00206254,4.737e-05,-1.001e-05,-0.00202518
2021-11-09,-0.0069878,4.033e-05,-5.91e-06,-0.00695338
2021-11-10,0.00168853,2.657e-05,-1.061e-05,0.00170449
2021-11-11,0.00048017,-3.04e-06,-1.688e-05,0.00046025
2021-11-12,-0.00015107,1.406e-05,-9.53e-06,-0.00014655
2021-11-13,0.00333391,1.333e-05,-9.23e-06,0.00333802
2021-11-14,0.00135753,1.83e-06,-6.72e-06,0.00135264
2021-11-15,-0.00074015,-6e-06,-5.65e-06,-0.00075179
2021-11-16,0.00266796,-6.41e-06,-3.56e-06,0.00265799
2021-11-17,0.00172921,-1.023e-05,-1.022e-05,0.00170876
2021-11-18,0.00083134,-1.45e-06,-1.445e-05,0.00081544
2021-11-19,0.00405904,1.64e-06,-8.44e-06,0.00405224
2021-11-20,0.00081289,2.66e-06,-7.67e-06,0.00080788
2021-11-21,0.0013862,-3.38e-06,-3.1e-06,0.00137972
2021-11-22,0.00311601,1.6e-06,-2.79e-06,0.00311482
2021-11-23,0.00025655,-6.06e-06,-2.148e-05,0.00022901
2021-11-24,0.003949,-1.537e-05,-4.49e-06,0.00392915
2021-11-25,0.00021929,-1.894e-05,-1.907e-05,0.00018128
2021-11-26,-0.00093391,6.1e-07,-7.87e-06,-0.00094117
2021-11-27,-7.877e-05,-2.37e-06,-1.502e-05,-9.617e-05
2021-11-28,0.00058695,-4.99e-06,-3.96e-06,0.000578
2021-11-29,-4.738e-05,-4.6e-07,-1.62e-06,-4.945e-05
2021-11-30,-3.17e-06,-3.4e-07,-6.69e-06,-1.021e-05
2021-12-01,0.00084741,-3.63e-06,-4.71e-06,0.00083908
2021-12-02,-0.00371379,-5.37e-06,-6.16e-06,-0.00372532
2021-12-03,0.00022801,-1.261e-05,-8.94e-06,0.00020646
2021-12-04,0.00541052,-5.588e-05,-5.74e-06,0.00534891
2021-12-05,-0.00168118,-9.21e-06,-5.51e-06,-0.00169591
2021-12-06,0.00246552,-3.36e-06,-6.5e-06,0.00245566
2021-12-07,-0.0017174,1.266e-05,-9.16e-06,-0.00171389
2021-12-08,0.00064707,-4.06e-06,-4.62e-06,0.00063839
2021-12-09,-0.00129494,2.79e-06,-5.21e-06,-0.00129735
2021-12-10,-0.00054787,1.572e-05,-5.99e-06,-0.00053814
2021-12-11,-0.00263819,1.55e-05,-7.13e-06,-0.00262982
2021-12-12,0.00099678,1.771e-05,-2.41e-06,0.00101208
2021-12-13,-0.0020725,1.457e-05,-8.17e-06,-0.0020661
2021-12-14,-0.00068619,1.453e-05,-9.4e-06,-0.00068106
2021-12-15,0.00225687,3.52e-06,-6.21e-06,0.00225419
2021-12-16,0.00103044,6.21e-06,-8.06e-06,0.00102859
2021-12-17,0.00263778,-1.41e-06,-5.93e-06,0.00263044
2021-12-18,0.00135408,5.28e-06,-6.25e-06,0.00135311
2021-12-19,-0.00096111,2.582e-05,-4.84e-06,-0.00094013
2021-12-20,3.156e-05,1.746e-05,-6.5e-06,4.253e-05
2021-12-21,0.00246729,3.713e-05,-5.19e-06,0.00249923
2021-12-22,-0.00258897,2.243e-05,-6.1e-06,-0.00257264
2021-12-23,0.00137019,1.618e-05,-5.51e-06,0.00138085
2021-12-24,-0.00114456,1.047e-05,-4.19e-06,-0.00113829
2021-12-25,0.00238793,2.513e-05,-8.57e-06,0.0024045
2021-12-26,0.00114728,1.617e-05,-9.98e-06,0.00115347
2021-12-27,-0.00311574,1.435e-05,-6.12e-06,-0.00310751
2021-12-28,0.00031174,5.32e-06,-9.31e-06,0.00030776
2021-12-29,0.00052567,4.4e-06,-7.6e-06,0.00052248
2021-12-30,-0.00071044,-6.28e-06,-7.67e-06,-0.00072439
2021-12-31,0.00210596,3.13e-06,-3.56e-06,0.00210554
2022-01-01,0.00082824,4.14e-06,-3.02e-06,0.00082936
2022-01-02,-0.00787437,-1.265e-05,-0.00024853,-0.00813555
2022-01-03,0.00272678,-1.33e-06,-2.039e-05,0.00270506
2022-01-04,-0.00574829,1.1e-07,-1.742e-05,-0.00576559
2022-01-05,-0.0005965,-7.31e-06,-7.607e-05,-0.00067988
2022-01-06,0.00596927,1.048e-05,-3.234e-05,0.00594741
2022-01-07,-0.01309632,4.04e-06,-3.485e-05,-0.01312713
2022-01-08,-0.0131741,-7.09e-06,-5.131e-05,-0.0132325
2022-01-09,0.01501625,2.753e-05,-5.054e-05,0.01499323
2022-01-10,0.00494052,5.391e-05,-3.032e-05,0.0049641
2022-01-11,0.00851193,6.487e-05,-1.583e-05,0.00856096
2022-01-12,0.000209,-0.00013097,-1.409e-05,6.394e-05
2022-01-13,0.00416847,-0.00011363,-2.483e-05,0.00403001
2022-01-14,-0.00305782,-0.0001217,-3.214e-05,-0.00321166
2022-01-15,-0.00186942,-6.115e-05,-7.574e-05,-0.00200631
2022-01-16,0.00855221,-6.644e-05,-4.227e-05,0.00844351
2022-01-17,-0.02839809,-2.914e-05,-4.094e-05,-0.02846818
2022-01-18,0.00342089,-1.87e-06,-4.496e-05,0.00337405
2022-01-19,-0.00808186,0.00010885,-6.369e-05,-0.00803669
2022-01-20,-0.00016134,0.00012926,-1.428e-05,-4.636e-05
2022-01-21,-0.00728825,-8.09e-06,-2.336e-05,-0.0073197
2022-01-22,-0.01244998,-7.48e-06,-2.767e-05,-0.01248513
2022-01-23,0.01601925,0.00025115,-1.931e-05,0.01625109
2022-01-24,-0.00112233,0.0001371,-1.78e-05,-0.00100302
2022-01-25,0.00451955,0.00014537,-1.487e-05,0.00465006
2022-01-26,-0.01042254,0.00017285,-3.654e-05,-0.01028623
2022-01-27,-0.00668804,0.00019795,-1.971e-05,-0.0065098
2022-01-28,-0.00737536,6.512e-05,-1.463e-05,-0.00732487
2022-01-29,0.00313017,0.0002184,-3.295e-05,0.00331561
2022-01-30,-0.00552521,0.00019273,-4.512e-05,-0.0053776
2022-01-31,0.00600806,0.00012339,-4.398e-05,0.00608748
2022-02-01,-0.01234723,0.0001736,-4.9e-05,-0.01222263
2022-02-02,-0.00304358,6.672e-05,-3.624e-05,-0.0030131
2022-02-03,0.00438056,4.959e-05,-3.64e-05,0.00439374
2022-02-04,0.00186243,0.00012954,-1.559e-05,0.00197638
2022-02-05,0.00286554,1.562e-05,-2.832e-05,0.00285283
2022-02-06,0.00314622,-2.539e-05,-3.265e-05,0.00308818
2022-02-07,-0.01285652,-2.836e-05,-2.115e-05,-0.01290604
2022-02-08,0.00629903,2.494e-05,-4.146e-05,0.00628251
2022-02-09,-0.00128081,2.083e-05,-5.967e-05,-0.00131965
2022-02-10,-0.00172608,3.002e-05,-5.126e-05,-0.00174732
2022-02-11,-0.00190014,1.521e-05,-3.457e-05,-0.0019195
2022-02-12,0.00356641,-2.9e-05,-3.821e-05,0.0034992
2022-02-13,-0.0013575,-2.91e-06,-5.335e-05,-0.00141375
2022-02-14,-0.00295842,1.56e-05,-2.529e-05,-0.00296811
2022-02-15,0.00524081,-8.5e-07,-2.556e-05,0.0052144
2022-02-16,0.00101503,-2.65e-06,-3.49e-05,0.00097748
2022-02-17,0.00119195,-3.375e-05,-3.764e-05,0.00112056
2022-02-18,-0.00012676,-8.88e-05,-2.841e-05,-0.00024397
2022-02-19,-0.00279801,-5.66e-05,-2.819e-05,-0.00288279
2022-02-20,-0.00504732,-8.186e-05,-1.986e-05,-0.00514905
2022-02-21,-0.00189244,-1.307e-05,-1.335e-05,-0.00191886
2022-02-22,0.00488112,-2.814e-05,-1.859e-05,0.00483439
2022-02-23,0.00532864,2.757e-05,-1.795e-05,0.00533826
2022-02-24,0.00269066,-4.92e-06,-1.616e-05,0.00266958
2022-02-25,0.0084818,1.989e-05,-2.222e-05,0.00847946
2022-02-26,-0.00093935,-2.355e-05,-2.972e-05,-0.00099262
2022-02-27,-0.0047438,-1.286e-05,-0.00017326,-0.00492992
2022-02-28,0.00027895,5.183e-05,-0.00012592,0.00020486
2022-03-01,0.00189602,-1.752e-05,-1.999e-05,0.00185851
2022-03-02,-0.00047668,-5.579e-05,-4.363e-05,-0.00057611
2022-03-03,0.00234074,-7.466e-05,-1.564e-05,0.00225044
2022-03-04,0.00056833,-6.106e-05,-2.614e-05,0.00048113
2022-03-05,-0.00129877,-4.942e-05,-3.575e-05,-0.00138394
2022-03-06,-0.00262794,-4.165e-05,-2.143e-05,-0.00269103
2022-03-07,0.00401477,-2.334e-05,-3.409e-05,0.00395734
2022-03-08,-0.00232188,-4.767e-05,-1.228e-05,-0.00238182
2022-03-09,0.00127213,-2.065e-05,-3.248e-05,0.001219
2022-03-10,-0.0025324,-1.889e-05,-9.73e-06,-0.00256103
2022-03-11,-0.00088932,4.713e-05,-1.989e-05,-0.00086208
2022-03-12,-0.00110946,-5.33e-06,-2.811e-05,-0.0011429
2022-03-13,-0.00210721,3.21e-06,-2.537e-05,-0.00212937
2022-03-14,-0.00081549,-2.73e-06,-1.787e-05,-0.00083609
2022-03-15,6.506e-05,2.247e-05,-1.272e-05,7.481e-05
2022-03-16,0.00112879,2.93e-06,-3.197e-05,0.00109975
2022-03-17,-0.00117099,-1.165e-05,-2.534e-05,-0.00120798
2022-03-18,0.00038774,-5.27e-06,-2.265e-05,0.00035982
2022-03-19,-0.0056459,-9.1e-07,-1.688e-05,-0.00566368
2022-03-20,-0.00169468,-7e-06,-2.856e-05,-0.00173024
2022-03-21,-0.00195668,-9.39e-06,-3.952e-05,-0.00200559
2022-03-22,0.00551273,-3.007e-05,-4.144e-05,0.00544122
2022-03-23,-0.00886544,-2e-07,-4.172e-05,-0.00890736
2022-03-24,-0.00055262,6.95e-06,-4.21e-05,-0.00058777
2022-03-25,-0.00019726,-3.34e-06,-4.954e-05,-0.00025014
2022-03-26,-0.00326608,3.68e-06,-4.621e-05,-0.0033086
2022-03-27,-0.00591695,1.562e-05,-3.349e-05,-0.00593482
2022-03-28,-0.00203309,3.2e-07,-5.317e-05,-0.00208594
2022-03-29,0.00445211,9.61e-06,-2.449e-05,0.00443723
2022-03-30,-0.00135327,5.468e-05,-4.025e-05,-0.00133883
2022-03-31,0.00108326,1.843e-05,-5.279e-05,0.0010489
2022-04-01,0.00366851,-2.977e-05,-0.00015976,0.00347897
2022-04-02,-0.00501896,-3.862e-05,-0.00012029,-0.00517787
2022-04-03,-0.00497055,-3.9e-05,-0.00014069,-0.00515024
2022-04-04,-0.00067703,-3.535e-05,-2.371e-05,-0.00073609
2022-04-05,-0.01027374,-3.666e-05,-2.12e-05,-0.01033161
2022-04-06,-0.00439852,-4.774e-05,-2.857e-05,-0.00447483
2022-04-07,0.00592809,-4.704e-05,-6.618e-05,0.00581488
2022-04-08,-0.00285545,-3.354e-05,-3.225e-05,-0.00292124
2022-04-09,0.00035874,-4.06e-05,-4.089e-05,0.00027725
2022-04-10,0.00130568,-3.007e-05,-2.437e-05,0.00125124
2022-04-11,-0.00063272,-6.806e-05,-3.081e-05,-0.00073158
2022-04-12,-0.00201698,-4.909e-05,-1.988e-05,-0.00208595
2022-04-13,0.00082202,-3.828e-05,-2.783e-05,0.00075591
2022-04-14,0.00055944,-5.573e-05,-2.887e-05,0.00047485
2022-04-15,-0.00164517,-5.123e-05,-3.498e-05,-0.00173138
2022-04-16,-0.00092201,-5.217e-05,-2.956e-05,-0.00100374
2022-04-17,-0.00173777,-3.152e-05,-2.137e-05,-0.00179067
2022-04-18,-0.00148747,-4.908e-05,-2.729e-05,-0.00156384
2022-04-19,0.00462871,-1.569e-05,-1.001e-05,0.004603
2022-04-20,0.00151179,-3.792e-05,-1.341e-05,0.00146046
2022-04-21,-0.00613951,-3.229e-05,-3.774e-05,-0.00620954
2022-04-22,-0.00094626,-8.63e-06,-3.912e-05,-0.00099401
2022-04-23,-0.00134594,-2.592e-05,-3.511e-05,-0.00140698
2022-04-24,-0.00207796,-3.199e-05,-1.99e-05,-0.00212985
2022-04-25,0.00868667,-4.699e-05,-3.805e-05,0.00860163
2022-04-26,1.169e-05,-1.866e-05,-4.549e-05,-5.246e-05
2022-04-27,0.0011718,-3.948e-05,-2.099e-05,0.00111133
2022-04-28,0.00227122,-5.75e-05,-6.548e-05,0.00214824
2022-04-29,0.00232869,-6.613e-05,-2.897e-05,0.00223359
2022-04-30,0.00387688,-7.159e-05,-6.721e-05,0.00373809
2022-05-01,-0.00974152,-0.00015776,-4.24e-05,-0.00994169
2022-05-02,0.00255549,-0.00011209,-0.00011049,0.00233291
2022-05-03,-0.00183048,-5.057e-05,-2.23e-05,-0.00190335
2022-05-04,-0.00770549,3.555e-05,-0.00024994,-0.00791988
2022-05-05,0.01718256,-0.00010384,-0.00021656,0.01686216
2022-05-06,-0.00371114,-0.00025114,-4.625e-05,-0.00400853
2022-05-07,-0.00083654,-0.00026451,-4.35e-05,-0.00114456
2022-05-08,-0.00227314,-0.00017667,-4.998e-05,-0.00249978
2022-05-09,-0.00764812,-0.00013295,-5.207e-05,-0.00783314
2022-05-10,0.00109211,2.388e-05,-5.684e-05,0.00105915
2022-05-11,-0.00041667,-0.00016642,-6.956e-05,-0.00065264
2022-05-12,0.01595569,-0.000423,-2.388e-05,0.01550881
2022-05-13,-0.00264078,-4.164e-05,-2.393e-05,-0.00270635
2022-05-14,-0.00125433,5.648e-05,-4.124e-05,-0.00123909
2022-05-15,-0.00032477,-0.00013115,-6.356e-05,-0.00051949
2022-05-16,0.0029478,-0.0001969,-2.959e-05,0.0027213
2022-05-17,0.00132432,-5.88e-05,-4.014e-05,0.00122539
2022-05-18,0.00890434,-6.932e-05,-4.158e-05,0.00879344
2022-05-19,0.00550306,-0.000102,-1.961e-05,0.00538146
2022-05-20,0.00258984,-0.00013132,-2.961e-05,0.0024289
2022-05-21,0.00098748,-7.586e-05,-4.705e-05,0.00086457
2022-05-22,-0.00080372,-0.00013425,-1.901e-05,-0.00095699
2022-05-23,0.00025686,-8.261e-05,-2.005e-05,0.0001542
2022-05-24,0.00271128,-0.00022855,-1.686e-05,0.00246587
2022-05-25,0.00892683,-0.00017041,-1.425e-05,0.00874217
2022-05-26,0.0074299,-0.00016381,-1.345e-05,0.00725264
2022-05-27,0.00640744,-0.00027927,-1.884e-05,0.00610933
2022-05-28,-0.00563286,-0.00034908,-2.572e-05,-0.00600766
2022-05-29,-0.00618249,-0.00030252,-2.205e-05,-0.00650706
2022-05-30,-0.04140827,-0.00028621,-8.63e-06,-0.04170311
2022-05-31,-0.00142974,-0.0001601,-2.91e-05,-0.00161894
2022-06-01,0.00664558,-0.00041877,-2.928e-05,0.00619753
2022-06-02,6.336e-05,-0.00018471,-3.692e-05,-0.00015827
2022-06-03,0.00127892,-2.9e-07,-2.274e-05,0.0012559
2022-06-04,-0.00542132,6.868e-05,-2.367e-05,-0.00537631
2022-06-05,0.00071581,0.00012995,-2.412e-05,0.00082164
2022-06-06,-0.00707645,0.00012612,-1.512e-05,-0.00696544
2022-06-07,0.00580915,9.539e-05,-9.68e-06,0.00589486
2022-06-08,0.00070101,1.93e-06,-1.994e-05,0.000683
2022-06-09,-0.00201068,-5.784e-05,-2.401e-05,-0.00209253
2022-06-10,0.00273705,-8.056e-05,-2.844e-05,0.00262805
2022-06-11,0.00567332,-8.773e-05,-1.29e-05,0.00557269
2022-06-12,0.00398561,-7.719e-05,-1.467e-05,0.00389374
2022-06-13,0.00194922,5.246e-05,-1.674e-05,0.00198493
2022-06-14,-0.00349988,-6.39e-06,-1.693e-05,-0.0035232
2022-06-15,0.00661945,0.00030315,-6.577e-05,0.00685683
2022-06-16,0.00242773,-5.027e-05,-8.036e-05,0.0022971
2022-06-17,0.00456695,-7.355e-05,-3.238e-05,0.00446103
2022-06-18,-0.00084725,-5.384e-05,-2.272e-05,-0.00092381
2022-06-19,-0.00988234,1.64e-06,-2.558e-05,-0.00990628
2022-06-20,0.00207489,2.92e-06,-6.059e-05,0.00201722
2022-06-21,-0.00139253,-2.133e-05,-5.586e-05,-0.00146972
2022-06-22,0.00018246,-1.952e-05,-2.355e-05,0.00013939
2022-06-23,5.58e-05,8.227e-05,-4.484e-05,9.323e-05
2022-06-24,-0.00174822,4.936e-05,-3.476e-05,-0.00173362
2022-06-25,0.00108693,1.039e-05,-2.254e-05,0.00107478
2022-06-26,-0.00236914,1.102e-05,-2.744e-05,-0.00238557
2022-06-27,-0.00088173,2.305e-05,-5.115e-05,-0.00090983
2022-06-28,-0.00237983,9.82e-06,-1.714e-05,-0.00238716
2022-06-29,0.00116168,1.698e-05,-3.243e-05,0.00114623
2022-06-30,0.00034654,-1.551e-05,-1.581e-05,0.00031522
2022-07-01,0.00063646,3.58e-06,-1.475e-05,0.00062529
2022-07-02,0.00278513,1.641e-05,-2.788e-05,0.00277366
2022-07-03,0.00064296,5.067e-05,-3.053e-05,0.0006631
2022-07-04,-0.01156863,2.391e-05,-0.00019039,-0.01173511
2022-07-05,-0.00087522,5.757e-05,-1.256e-05,-0.00083021
2022-07-06,-0.00436395,0.00012858,-1.523e-05,-0.0042506
2022-07-07,-0.00512321,0.00013922,-1.831e-05,-0.0050023
2022-07-08,0.00401986,9.41e-05,-4.017e-05,0.00407378
2022-07-09,0.00024675,5.079e-05,-2.575e-05,0.00027179
2022-07-10,0.0104369,6.741e-05,-5.528e-05,0.01044902
2022-07-11,-0.00281289,9.349e-05,-1.677e-05,-0.00273617
2022-07-12,0.00837489,1.508e-05,-5.44e-06,0.00838453
2022-07-13,0.02531241,-7.9e-07,-8.76e-06,0.02530286
2022-07-14,-0.00231668,1.9e-05,-6.376e-05,-0.00236144
2022-07-15,-0.00277039,2.491e-05,-5.67e-06,-0.00275115
2022-07-16,-0.00390154,4.126e-05,-2.263e-05,-0.00388291
2022-07-17,-0.00065813,5.736e-05,-5.145e-05,-0.00065222
2022-07-18,0.00079742,5.716e-05,-3.552e-05,0.00081907
2022-07-19,-0.0113628,-2.942e-05,-9.37e-05,-0.01148592
2022-07-20,-0.00350799,-2.265e-05,-4.872e-05,-0.00357936
2022-07-21,0.00858073,3.4e-06,-5.064e-05,0.00853349
2022-07-22,-0.00574151,-1.373e-05,-8.844e-05,-0.00584368
2022-07-23,-0.00404871,-1.865e-05,-1.589e-05,-0.00408324
2022-07-24,0.00104936,2.446e-05,-1.44e-05,0.00105941
2022-07-25,-0.00620915,-4.75e-06,-4.686e-05,-0.00626076
2022-07-26,0.00731972,-2.41e-05,-2.202e-05,0.0072736
2022-07-27,0.01206837,4.185e-05,-3.141e-05,0.01207881
2022-07-28,0.00888258,1.225e-05,-2.531e-05,0.00886952
2022-07-29,0.00736587,-1.16e-06,-2.827e-05,0.00733645
2022-07-30,-0.00710091,-2.846e-05,-2.266e-05,-0.00715203
2022-07-31,-0.00116397,9.56e-06,-4.129e-05,-0.00119569
2022-08-01,-0.00564469,1.99e-06,-3.423e-05,-0.00567693
2022-08-02,0.00209273,-2.5e-05,-2.766e-05,0.00204007
2022-08-03,0.00139911,2.03e-05,-1.314e-05,0.00140627
2022-08-04,-0.00196205,1.59e-06,-1.241e-05,-0.00197287
2022-08-05,0.00186254,3.67e-06,-2.953e-05,0.00183668
2022-08-06,0.00253079,2.295e-05,-4.967e-05,0.00250407
2022-08-07,-0.00023364,2.07e-06,-2.528e-05,-0.00025685
2022-08-08,-0.00092723,3.465e-05,-2.946e-05,-0.00092205
2022-08-09,0.00220091,2.374e-05,-3.401e-05,0.00219065
2022-08-10,0.00250066,-3.922e-05,-3.707e-05,0.00242437
2022-08-11,0.00304273,3.181e-05,-3.135e-05,0.00304319
2022-08-12,0.00275584,-2e-08,-3.211e-05,0.00272371
2022-08-13,-0.00215027,-5.6e-06,-4.741e-05,-0.00220327
2022-08-14,-0.02582821,3.882e-05,-2.806e-05,-0.02581745
2022-08-15,0.00589942,-2.13e-05,-4.865e-05,0.00582947
2022-08-16,-0.0030036,-6.095e-05,-7.59e-05,-0.00314045
2022-08-17,-0.00098729,-7.13e-05,-3.463e-05,-0.00109323
2022-08-18,-0.00123571,-0.00012394,-4.955e-05,-0.0014092
2022-08-19,-0.00565871,-0.00032857,-4.759e-05,-0.00603488
2022-08-20,0.00121248,-0.00022868,-1.917e-05,0.00096463
2022-08-21,0.00169212,-0.00010586,-7.071e-05,0.00151555
2022-08-22,-8.518e-05,-8.336e-05,-3.178e-05,-0.00020032
2022-08-23,-0.00388632,-8.105e-05,-3.946e-05,-0.00400683
2022-08-24,0.00454973,-2.046e-05,-1.08e-05,0.00451847
2022-08-25,0.00367198,-2.369e-05,-3.05e-05,0.00361779
2022-08-26,-0.00275562,3.79e-05,-2.113e-05,-0.00273885
2022-08-27,0.00039255,-1.899e-05,-6.307e-05,0.00031049
2022-08-28,-0.00468475,1.885e-05,-1.848e-05,-0.00468438
2022-08-29,0.00275514,4.458e-05,-2.575e-05,0.00277397
2022-08-30,-0.00323774,-8.74e-06,-3.041e-05,-0.00327689
2022-08-31,-0.00052726,9.656e-05,-2.254e-05,-0.00045324
2022-09-01,0.00553912,3.354e-05,-3.094e-05,0.00554173
2022-09-02,0.0023737,8.39e-06,-7.097e-05,0.00231113
2022-09-03,0.00149959,-3.185e-05,-3.448e-05,0.00143326
2022-09-04,-0.00210426,3.6e-07,-3.917e-05,-0.00214306
2022-09-05,0.00716023,3.277e-05,-2.301e-05,0.00716999
2022-09-06,-0.01255554,-6.12e-06,-3.474e-05,-0.0125964
2022-09-07,0.01291731,-9.85e-06,-3.981e-05,0.01286766
2022-09-08,-0.0045634,5.785e-05,-3.082e-05,-0.00453636
2022-09-09,-0.00584429,4.45e-06,-3.305e-05,-0.00587289
2022-09-10,0.00216795,3.53e-06,-4.988e-05,0.0021216
2022-09-11,-0.00135505,1.377e-05,-3.428e-05,-0.00137557
2022-09-12,-0.00879975,6.333e-05,-4.197e-05,-0.00877839
2022-09-13,0.00321134,1.744e-05,-3.37e-05,0.00319508
2022-09-14,-0.00041075,9.493e-05,-7.049e-05,-0.00038631
2022-09-15,-0.00130429,9.304e-05,-2.554e-05,-0.00123679
2022-09-16,0.00251043,0.00016262,-1.999e-05,0.00265306
2022-09-17,0.00135712,0.00010943,-0.00011283,0.00135372
2022-09-18,-0.00317016,5.739e-05,-4.158e-05,-0.00315435
2022-09-19,0.00802744,9.714e-05,-5.145e-05,0.00807312
2022-09-20,-0.00290813,0.0001033,-2.588e-05,-0.00283071
2022-09-21,-0.00803058,2.642e-05,-3.013e-05,-0.0080343
2022-09-22,0.02650251,0.00013492,-3.145e-05,0.02660598
2022-09-23,0.00166174,7.9e-05,-4.408e-05,0.00169666
2022-09-24,-0.00262705,8.281e-05,-2.432e-05,-0.00256855
2022-09-25,0.00256634,4.09e-05,-2.158e-05,0.00258565
2022-09-26,-0.01036797,2.756e-05,-2.096e-05,-0.01036137
2022-09-27,-0.00601249,5.402e-05,-2.36e-05,-0.00598208
2022-09-28,-0.00581598,6.915e-05,-2.52e-05,-0.00577202
2022-09-29,0.00517475,9.515e-05,-3.219e-05,0.00523771
2022-09-30,-0.00179517,4.538e-05,-2.734e-05,-0.00177713
2022-10-01,-0.00089224,2.7e-07,-3.391e-05,-0.00092588
2022-10-02,-0.00612262,-8.13e-06,-3.058e-05,-0.00616133
2022-10-03,0.00102647,9.1e-07,-3.039e-05,0.00099698
2022-10-04,-0.00072992,7.151e-05,-4.221e-05,-0.00070062
2022-10-05,0.00232901,1.764e-05,-1.732e-05,0.00232934
2022-10-06,0.00034982,-1.737e-05,-5.562e-05,0.00027682
2022-10-07,0.00356561,-6.398e-05,-2.569e-05,0.00347594
2022-10-08,-0.00048528,-3.163e-05,-1.937e-05,-0.00053629
2022-10-09,0.00129692,-1.624e-05,-3.557e-05,0.00124511
2022-10-10,-0.00489419,-1.419e-05,-2.521e-05,-0.00493359
2022-10-11,-0.00138519,-7.05e-05,-3.365e-05,-0.00148934
2022-10-12,-0.00106792,-2.842e-05,-3.676e-05,-0.0011331
2022-10-13,-0.00346948,-0.00012055,-3.033e-05,-0.00362037
2022-10-14,0.00475571,1.177e-05,-4.065e-05,0.00472684
2022-10-15,4.724e-05,-5.125e-05,-4.994e-05,-5.396e-05
2022-10-16,-0.00324085,-6.299e-05,-5.685e-05,-0.00336069
2022-10-17,0.00329314,-4.29e-05,-5.084e-05,0.0031994
2022-10-18,0.00367539,-9.55e-05,-2.886e-05,0.00355102
2022-10-19,0.00362538,-0.00013013,-3.302e-05,0.00346223
2022-10-20,-0.00048295,-8.88e-05,-2.543e-05,-0.00059718
2022-10-21,0.00674319,-8.02e-05,-3.812e-05,0.00662487
2022-10-22,-0.00087334,-7.152e-05,-2.634e-05,-0.0009712
2022-10-23,-0.00080617,-9.025e-05,-3.002e-05,-0.00092644
2022-10-24,0.00391133,-0.00015278,-2.98e-05,0.00372876
2022-10-25,-0.016017,-0.00010192,-2.503e-05,-0.01614396
2022-10-26,0.00670596,-1.963e-05,-4.485e-05,0.00664148
2022-10-27,-0.00198749,-1.04e-05,-7.533e-05,-0.00207322
2022-10-28,-0.00230412,-4.935e-05,-5.715e-05,-0.00241062
2022-10-29,0.01868776,5.177e-05,-5.082e-05,0.01868871
2022-10-30,-0.00134867,8.82e-06,-6.057e-05,-0.00140042
2022-10-31,0.00521264,1.239e-05,-7.854e-05,0.00514649
2022-11-01,0.01422134,3.941e-05,-8.396e-05,0.0141768
2022-11-02,0.0026045,-2.449e-05,-8.542e-05,0.00249459
2022-11-03,-0.01049075,-3.332e-05,-8.889e-05,-0.01061296
2022-11-04,-0.00578791,0.00029946,-9.938e-05,-0.00558783
2022-11-05,-0.01472956,0.00014157,-4.819e-05,-0.01463618
2022-11-06,0.01186099,0.00017247,-5.894e-05,0.01197452
2022-11-07,0.00331786,3.843e-05,-5.194e-05,0.00330434
2022-11-08,-0.00822043,-7.155e-05,-3.077e-05,-0.00832275
2022-11-09,0.01149206,-0.00183383,-8.403e-05,0.00957421
2022-11-10,-0.00241778,-0.0090842,-0.00013309,-0.01163507
2022-11-11,0.01338964,-0.00304258,-8.096e-05,0.01026609
2022-11-12,0.00104274,-0.00135196,-4.862e-05,-0.00035784
2022-11-13,0.00016223,-0.00155342,-3.518e-05,-0.00142638
2022-11-14,-0.00451078,-0.00163041,-1.558e-05,-0.00615677
2022-11-15,0.00182949,-0.00019472,-1.486e-05,0.00161991
2022-11-16,0.00415751,-0.0003327,-2.983e-05,0.00379498
2022-11-17,0.00401327,-0.00023062,-5.54e-05,0.00372725
2022-11-18,0.00496153,-6.128e-05,-2.67e-05,0.00487355
2022-11-19,-0.00451218,-0.000113,-3.245e-05,-0.00465764
2022-11-20,-0.01016401,-0.00010851,-1.438e-05,-0.01028689
2022-11-21,0.00149809,-0.00017308,-1.494e-05,0.00131007
2022-11-22,0.00961447,-9.954e-05,-2.02e-05,0.00949473
2022-11-23,-0.00062851,1.202e-05,-9.49e-06,-0.00062599
2022-11-24,-0.00082319,-3.323e-05,-1.563e-05,-0.00087205
2022-11-25,0.00826251,0.00010076,-3.117e-05,0.0083321
2022-11-26,0.0062938,2.192e-05,-2.826e-05,0.00628746
2022-11-27,0.00366677,1.973e-05,-3.878e-05,0.00364771
2022-11-28,0.00218978,-8.475e-05,-2.819e-05,0.00207684
2022-11-29,0.00626905,-9.42e-06,-9.54e-06,0.00625009
2022-11-30,0.00854123,9.078e-05,-2.144e-05,0.00861057
2022-12-01,0.00127939,0.00024618,-1.722e-05,0.00150835
2022-12-02,-0.00810711,-0.00013334,-4.404e-05,-0.00828449
2022-12-03,-0.00430193,-1.076e-05,-3.264e-05,-0.00434533
2022-12-04,-0.0002349,-6.432e-05,-3.716e-05,-0.00033639
2022-12-05,-0.00023804,5e-07,-2.941e-05,-0.00026696
2022-12-06,-0.00773001,-4.698e-05,-2.527e-05,-0.00780226
2022-12-07,-0.00321048,1.78e-06,-4.424e-05,-0.00325294
2022-12-08,0.00203679,9.435e-05,-1.725e-05,0.00211389
2022-12-09,-0.00518967,6.006e-05,-2.782e-05,-0.00515743
2022-12-10,-0.00080212,-9.47e-06,-2.61e-05,-0.0008377
2022-12-11,-0.00185454,2.322e-05,-3.965e-05,-0.00187098
2022-12-12,0.00168991,3.98e-06,-4.409e-05,0.00164979
2022-12-13,-0.00952814,0.00016737,-4.173e-05,-0.0094025
2022-12-14,-0.0029524,0.00019781,-4.423e-05,-0.00279882
2022-12-15,-0.00501079,0.00012854,-5.285e-05,-0.0049351
2022-12-16,0.00728791,4.06e-06,-3.504e-05,0.00725693
2022-12-17,-0.00078221,-5.782e-05,-3.365e-05,-0.00087368
2022-12-18,-0.00217027,-7.784e-05,-2.005e-05,-0.00226816
2022-12-19,0.00315402,-1.295e-05,-2.178e-05,0.0031193
2022-12-20,-0.00039741,-0.00010184,-3.044e-05,-0.00052969
2022-12-21,-0.00344492,-0.0001204,-5.092e-05,-0.00361624
2022-12-22,0.00496525,-3.743e-05,-2.324e-05,0.00490457
2022-12-23,-0.00186803,3.777e-05,-3.16e-05,-0.00186186
2022-12-24,-0.00032655,-2.111e-05,-4.188e-05,-0.00038954
2022-12-25,0.00285307,2.999e-05,-2.649e-05,0.00285656
2022-12-26,0.00127601,-3.36e-05,-4.876e-05,0.00119365
2022-12-27,0.00057085,-3.898e-05,-3.928e-05,0.00049258
2022-12-28,0.01303791,-0.00015107,-0.00010223,0.01278462
2022-12-29,0.00064397,-0.00022989,-2.027e-05,0.0003938
2022-12-30,-0.00276006,-0.00073955,-3.516e-05,-0.00353476
2022-12-31,0.00267073,-0.00065039,-3.748e-05,0.00198286
2023-01-01,0.00070954,-0.00054479,-4.519e-05,0.00011957
2023-01-02,-0.00114096,-0.00014201,-2.587e-05,-0.00130884
2023-01-03,-0.00306638,-0.00054727,-2.75e-05,-0.00364114
2023-01-04,-0.01577048,-0.00032138,-4.718e-05,-0.01613904
2023-01-05,-0.00551483,-4.266e-05,-5.501e-05,-0.0056125
2023-01-06,0.00426298,0.00030966,-0.00014901,0.00442364
2023-01-07,0.00975046,0.00024399,-5.016e-05,0.0099443
2023-01-08,-0.00053256,0.00115147,-2.744e-05,0.00059147
2023-01-09,-0.00370878,1.242e-05,-1.88e-05,-0.00371516
2023-01-10,0.010157,3.782e-05,-0.00010431,0.01009052
2023-01-11,-0.00635488,0.00024416,-3.612e-05,-0.00614684
2023-01-12,0.00571407,0.00039232,-4.441e-05,0.00606198
2023-01-13,0.00126704,0.00020377,-8.971e-05,0.00138109
2023-01-14,-0.00652703,2.649e-05,-5.763e-05,-0.00655817
2023-01-15,0.00077189,4.392e-05,-6.659e-05,0.00074922
2023-01-16,0.0005909,4.078e-05,-0.00010212,0.00052956
2023-01-17,0.01245815,2.084e-05,-7.518e-05,0.0124038
2023-01-18,0.00779404,0.00013347,-0.00010614,0.00782137
2023-01-19,-0.00925618,-0.00011882,-3.961e-05,-0.0094146
2023-01-20,-0.00755241,-0.00014301,-8.482e-05,-0.00778025
2023-01-21,0.01157294,-2.95e-06,-3.319e-05,0.01153679
2023-01-22,-0.02949507,-3.587e-05,-7.339e-05,-0.02960432
2023-01-23,0.00208609,-5.37e-06,-7.272e-05,0.002008
2023-01-24,0.01076455,2.364e-05,-6.614e-05,0.01072205
2023-01-25,-0.0049715,2.361e-05,-7.103e-05,-0.00501893
2023-01-26,-0.00569725,4.023e-05,-5.189e-05,-0.00570891
2023-01-27,-0.00247842,8.682e-05,-4.083e-05,-0.00243243
2023-01-28,0.00102281,0.00011802,-6.178e-05,0.00107906
2023-01-29,-0.00079293,0.00010252,-7.313e-05,-0.00076354
2023-01-30,-0.00600007,7.589e-05,-4.236e-05,-0.00596655
2023-01-31,-0.00657516,8.898e-05,-4.041e-05,-0.00652659
2023-02-01,0.01104688,9.834e-05,-3.366e-05,0.01111157
2023-02-02,0.00059168,5.136e-05,-9.795e-05,0.00054509
2023-02-03,-0.00099094,1.302e-05,-3.586e-05,-0.00101378
2023-02-04,-0.00756503,-2.411e-05,-5.32e-05,-0.00764234
2023-02-05,0.00010239,-4.24e-05,-4.385e-05,1.614e-05
2023-02-06,-0.00037808,-7.397e-05,-4.363e-05,-0.00049568
2023-02-07,0.0038108,-4.737e-05,-3.432e-05,0.00372911
2023-02-08,-0.00917595,-5.387e-05,-2.258e-05,-0.00925239
2023-02-09,-0.00673475,-4.317e-05,-3.138e-05,-0.0068093
2023-02-10,0.00424719,-9.309e-05,-4.095e-05,0.00411316
2023-02-11,0.00302669,-6.356e-05,-4.886e-05,0.00291427
2023-02-12,-0.00263878,-9.05e-05,-3.313e-05,-0.00276241
2023-02-13,0.00337052,-7.169e-05,-2.91e-05,0.00326972
2023-02-14,0.00622114,1.896e-05,-1.746e-05,0.00622264
2023-02-15,0.00176675,-6.58e-06,-2.138e-05,0.0017388
2023-02-16,0.00422399,-2.915e-05,-5.035e-05,0.0041445
2023-02-17,0.00263992,-1.72e-05,-4.117e-05,0.00258155
2023-02-18,-0.00765344,-2.192e-05,-2.603e-05,-0.0077014
2023-02-19,-0.00559093,-2.03e-05,-8.899e-05,-0.00570022
2023-02-20,-0.0064795,-2.41e-05,-2.863e-05,-0.00653224
2023-02-21,-0.00171901,-2.038e-05,-3.166e-05,-0.00177105
2023-02-22,0.00211146,-3.029e-05,-2.906e-05,0.00205211
2023-02-23,0.0031535,-3.16e-06,-4.473e-05,0.00310562
2023-02-24,-0.0014002,3.041e-05,-6.727e-05,-0.00143705
2023-02-25,-0.00400607,6.06e-06,-3.977e-05,-0.00403979
2023-02-26,0.00736142,-1.767e-05,-4.713e-05,0.00729662
2023-02-27,-0.00474868,2.424e-05,-4.286e-05,-0.0047673
2023-02-28,-0.00430282,3.706e-05,-4.329e-05,-0.00430905
2023-03-01,0.00737587,2.432e-05,-3.678e-05,0.00736341
2023-03-02,-0.00812256,-0.00029233,-4.041e-05,-0.0084553
2023-03-03,-0.01237167,-4.74e-05,-2.441e-05,-0.01244348
2023-03-04,-0.00461916,4.53e-06,-2.357e-05,-0.0046382
2023-03-05,0.00370232,4.01e-06,-4.051e-05,0.00366581
2023-03-06,-0.0011601,-2.985e-05,-3.626e-05,-0.00122621
2023-03-07,-0.0027276,1.17e-06,-2.696e-05,-0.00275339
2023-03-08,-0.00251653,4.77e-06,-3.414e-05,-0.0025459
2023-03-09,0.00107095,-3.518e-05,-4.224e-05,0.00099353
2023-03-10,-0.0028871,-8.165e-05,-5.822e-05,-0.00302697
2023-03-11,-0.00251468,-2.754e-05,-6.5e-05,-0.00260722
2023-03-12,0.00458434,4.08e-05,-4.184e-05,0.0045833
2023-03-13,0.0035521,-6.22e-06,-2.861e-05,0.00351727
2023-03-14,-0.00483563,-2.757e-05,-3.192e-05,-0.00489513
2023-03-15,0.00529913,-3.98e-06,-6.665e-05,0.0052285
2023-03-16,0.00164376,0.00015726,-7.449e-05,0.00172653
2023-03-17,0.00971117,7.175e-05,-6.416e-05,0.00971876
2023-03-18,-0.00354093,0.00018178,-5.5e-05,-0.00341414
2023-03-19,0.00224609,0.0002967,-5.092e-05,0.00249187
2023-03-20,0.00209207,0.00032021,-5.522e-05,0.00235706
2023-03-21,-0.03038091,0.00024065,-3.539e-05,-0.03017565
2023-03-22,-0.00338492,0.00032115,-6.148e-05,-0.00312525
2023-03-23,-0.00192326,2.888e-05,-6.093e-05,-0.00195532
2023-03-24,-0.00330094,3.31e-05,-5.355e-05,-0.00332139
2023-03-25,0.00115428,3.01e-05,-5.247e-05,0.00113191
2023-03-26,0.00142652,3.09e-06,-3.058e-05,0.00139904
2023-03-27,0.00446987,1.245e-05,-4.641e-05,0.00443591
2023-03-28,4.354e-05,1.899e-05,-1.427e-05,4.826e-05
2023-03-29,0.00095892,1.182e-05,-4.644e-05,0.0009243
2023-03-30,0.00197001,2.583e-05,-2.206e-05,0.00197377
2023-03-31,-0.0025941,-1.611e-05,-3.221e-05,-0.00264241
2023-04-01,-0.01046029,1.65e-06,-2.684e-05,-0.01048547
2023-04-02,0.00585436,3.736e-05,-2.884e-05,0.00586288
2023-04-03,-0.01430825,9.93e-06,-2.591e-05,-0.01432423
2023-04-04,0.00162344,4.78e-05,-4.641e-05,0.00162483
2023-04-05,-0.00043044,1.704e-05,-4.19e-05,-0.00045529
2023-04-06,-0.00030156,2.935e-05,-2.92e-05,-0.00030141
2023-04-07,-6.243e-05,-5.21e-06,-3.363e-05,-0.00010127
2023-04-08,0.00107397,2.052e-05,-1.303e-05,0.00108146
2023-04-09,0.00214921,2.591e-05,-1.707e-05,0.00215805
2023-04-10,0.00273281,2.215e-05,-2.754e-05,0.00272742
2023-04-11,-0.00196576,1.67e-06,-1.229e-05,-0.00197638
2023-04-12,-0.00145773,2.151e-05,-4.816e-05,-0.00148438
2023-04-13,0.00072386,1.308e-05,-4.633e-05,0.00069061
2023-04-14,-0.00153002,3.974e-05,-4.547e-05,-0.00153575
2023-04-15,-0.00466298,6.888e-05,-3.521e-05,-0.00462931
2023-04-16,-0.002901,8.362e-05,-8.042e-05,-0.00289779
2023-04-17,-0.00614064,0.00010518,-5.201e-05,-0.00608746
2023-04-18,-0.00216116,0.00011775,-4.91e-05,-0.00209251
2023-04-19,1.52e-05,3.247e-05,-0.00010001,-5.234e-05
2023-04-20,0.00057297,5.45e-06,-7.621e-05,0.00050221
2023-04-21,-0.00480865,-3.34e-06,-6.806e-05,-0.00488005
2023-04-22,0.00313932,-2.661e-05,-3.561e-05,0.00307709
2023-04-23,-0.00343347,0.00018577,-5.463e-05,-0.00330233
2023-04-24,0.00102649,0.00019229,-5.795e-05,0.00116083
2023-04-25,0.00089228,0.00015457,-2.556e-05,0.00102129
2023-04-26,0.00593106,0.00018623,-2.472e-05,0.00609257
2023-04-27,-0.00077831,0.00028559,-2.862e-05,-0.00052135
2023-04-28,-0.00539202,0.00041541,-9.241e-05,-0.00506902
2023-04-29,-0.00843546,0.000294,-4.132e-05,-0.00818278
2023-04-30,0.00329962,0.00021503,-4.905e-05,0.0034656
2023-05-01,-8.471e-05,0.00011935,-4.471e-05,-1.007e-05
2023-05-02,0.00086191,0.00021809,-2.477e-05,0.00105524
2023-05-03,-0.00110717,0.00017194,-1.181e-05,-0.00094704
2023-05-04,-0.00147641,0.00016756,-2.545e-05,-0.0013343
2023-05-05,0.00748052,0.00013696,-3.407e-05,0.00758341
2023-05-06,-0.00144805,9.844e-05,-2.142e-05,-0.00137103
2023-05-07,-0.00055395,0.00011663,-4.303e-05,-0.00048035
2023-05-08,0.00997152,0.00014357,-5.016e-05,0.01006494
2023-05-09,-0.00627791,0.00010892,-1.677e-05,-0.00618576
2023-05-10,-0.00033714,5.849e-05,-4.716e-05,-0.00032581
2023-05-11,0.0015706,4.951e-05,-3.522e-05,0.00158489
2023-05-12,-0.00383458,9.169e-05,-2.639e-05,-0.00376928
2023-05-13,0.00257164,0.00015017,-3.14e-05,0.0026904
2023-05-14,-0.00259901,7.92e-05,-4.66e-05,-0.0025664
2023-05-15,0.00216341,0.00012886,-3.046e-05,0.00226181
2023-05-16,-0.00178715,5.139e-05,-1.919e-05,-0.00175495
2023-05-17,0.00710959,0.0008903,-8.68e-05,0.00791309
2023-05-18,-0.00276832,0.00018244,-5.197e-05,-0.00263785
2023-05-19,0.00711643,0.00010803,-5.289e-05,0.00717157
2023-05-20,0.00159335,0.00019182,-7.879e-05,0.00170638
2023-05-21,-3.64e-05,8.345e-05,-5.045e-05,-3.4e-06
2023-05-22,-0.0071716,7.305e-05,-4.223e-05,-0.00714078
2023-05-23,-0.00460675,0.00015102,-3.483e-05,-0.00449056
2023-05-24,-0.00297351,8.112e-05,-7.495e-05,-0.00296734
2023-05-25,-0.00086755,5.647e-05,-8.085e-05,-0.00089193
2023-05-26,0.00162197,0.0001223,-6.555e-05,0.00167872
2023-05-27,-0.00188519,7.774e-05,-4.674e-05,-0.00185419
2023-05-28,0.01702456,0.00012788,-6.859e-05,0.01708384
2023-05-29,0.00176035,3.738e-05,-3.888e-05,0.00175886
2023-05-30,0.01151603,3.707e-05,-2.752e-05,0.01152557
2023-05-31,0.00129644,4.734e-05,-4.811e-05,0.00129568
2023-06-01,-0.00976413,2.352e-05,-7.574e-05,-0.00981635
2023-06-02,-1.236e-05,5.618e-05,-4.039e-05,3.44e-06
2023-06-03,-0.00754741,3.042e-05,-4.201e-05,-0.007559
2023-06-04,-0.00107646,8.079e-05,-9.286e-05,-0.00108852
2023-06-05,0.00017534,5.886e-05,-3.193e-05,0.00020227
2023-06-06,0.00699347,4.226e-05,-4.983e-05,0.0069859
2023-06-07,0.00044867,0.00010736,-0.00011674,0.00043929
2023-06-08,0.0006616,0.0001337,-7.258e-05,0.00072273
2023-06-09,0.02270933,0.00011246,-8.511e-05,0.02273668
2023-06-10,0.00590811,0.00021851,-0.00011002,0.00601659
2023-06-11,0.00888459,-7.27e-06,-8.128e-05,0.00879604
2023-06-12,0.0232339,0.00014212,-7.231e-05,0.02330371
2023-06-13,-0.02142939,0.00026465,-4.023e-05,-0.02120497
2023-06-14,0.00398904,0.00022777,-5.698e-05,0.00415982
2023-06-15,0.00147765,0.00032706,-4.656e-05,0.00175815
2023-06-16,-0.00362887,0.00033626,-6.256e-05,-0.00335517
2023-06-17,-0.01445625,0.00022116,-2.267e-05,-0.01425776
2023-06-18,-0.00348343,0.00022758,-3.266e-05,-0.00328851
2023-06-19,-0.00501921,0.00021681,-5.301e-05,-0.00485541
2023-06-20,-0.00774137,0.00022206,-2.096e-05,-0.00754027
2023-06-21,-0.00473504,5.19e-05,-3.484e-05,-0.00471798
2023-06-22,0.01071401,0.00013141,-5.432e-05,0.0107911
2023-06-23,-0.00135334,0.00019052,-0.00011756,-0.00128039
2023-06-24,0.00893744,-1.083e-05,-5.462e-05,0.00887198
2023-06-25,-0.00611092,-8.07e-06,-9.565e-05,-0.00621464
2023-06-26,0.01925372,3.324e-05,-5.044e-05,0.01923652
2023-06-27,0.00087782,8.779e-05,-3.303e-05,0.00093259
2023-06-28,0.01630402,8.459e-05,-4.58e-05,0.01634281
2023-06-29,-0.01941622,0.00010085,-2.263e-05,-0.01933801
2023-06-30,-0.00152954,0.00037559,-6.95e-05,-0.00122345
2023-07-01,-0.00211357,0.00025916,-4.769e-05,-0.0019021
2023-07-02,0.00558967,2.586e-05,-0.00011756,0.00549798
2023-07-03,-0.01053972,0.00011886,-6.26e-05,-0.01048345
2023-07-04,0.00108043,0.00010855,-3.856e-05,0.00115043
2023-07-05,0.00948725,-2.473e-05,-6.578e-05,0.00939675
2023-07-06,-0.00152225,8.456e-05,-7.719e-05,-0.00151488
2023-07-07,0.00122125,-1.25e-06,-2.042e-05,0.00119958
2023-07-08,-0.00453236,9.772e-05,-4.147e-05,-0.00447611
2023-07-09,0.00556141,0.00022547,-6.372e-05,0.00572315
2023-07-10,-0.00029608,0.00016372,-6.603e-05,-0.00019838
2023-07-11,0.00367298,8.144e-05,-4.14e-05,0.00371302
2023-07-12,0.00378251,-1.25e-06,-4.524e-05,0.00373602
2023-07-13,-0.0658417,7.59e-06,-6.645e-05,-0.06590057
2023-07-14,-0.00091634,4.136e-05,-7.691e-05,-0.00095189
2023-07-15,0.00176682,6.703e-05,-8.558e-05,0.00174827
2023-07-16,0.0054894,0.00053439,-8.953e-05,0.00593426
2023-07-17,-0.00683269,9.632e-05,-4.84e-05,-0.00678477
2023-07-18,-0.00628383,0.00019831,-3.1e-05,-0.00611652
2023-07-19,0.00080293,0.00027141,-4.142e-05,0.00103292
2023-07-20,-0.0025421,0.00017906,-4.416e-05,-0.0024072
2023-07-21,-0.00791806,0.00021832,-3.567e-05,-0.00773541
2023-07-22,-0.00354628,0.00026048,-6.498e-05,-0.00335078
2023-07-23,-8.386e-05,0.00013095,-0.00011081,-6.373e-05
2023-07-24,-0.00288818,7.857e-05,-4.035e-05,-0.00284997
2023-07-25,-0.00250485,-1.793e-05,-1.195e-05,-0.00253473
2023-07-26,0.01454548,0.00024113,-5.928e-05,0.01472734
2023-07-27,-0.00062563,2.611e-05,-4.107e-05,-0.00064059
2023-07-28,0.00114515,-3.953e-05,-6.706e-05,0.00103856
2023-07-29,0.011138,8.74e-06,-2.284e-05,0.01112389
2023-07-30,-0.00119312,-4.8e-07,-2.716e-05,-0.00122077
2023-07-31,-0.0064877,0.0001398,-3.607e-05,-0.00638397
2023-08-01,-0.00165793,0.0004929,-2.284e-05,-0.00118787
2023-08-02,-0.01083797,0.00071802,-8.665e-05,-0.0102066
2023-08-03,-0.00014108,0.00014152,-5.417e-05,-5.373e-05
2023-08-04,0.00137418,0.00010501,-5.023e-05,0.00142896
2023-08-05,-0.0125218,0.00114934,-0.00016746,-0.01153992
2023-08-06,-0.00164903,0.00026096,-2.605e-05,-0.00141412
2023-08-07,0.00695873,0.00025326,-2.424e-05,0.00718775
2023-08-08,-0.01554503,0.00014883,-3.237e-05,-0.01542857
2023-08-09,-0.00244795,0.00019328,-2.652e-05,-0.00228119
2023-08-10,0.0001537,0.00011778,-2.692e-05,0.00024456
2023-08-11,0.01508638,0.00024366,-8.528e-05,0.01524475
2023-08-12,-0.00651851,-2.26e-05,-5.636e-05,-0.00659748
2023-08-13,-0.00041074,-1.12e-05,-3.994e-05,-0.00046188
2023-08-14,-0.00637574,-2.932e-05,-4.596e-05,-0.00645102
2023-08-15,0.00765289,3.354e-05,-2.143e-05,0.00766499
2023-08-16,-0.01549457,-0.00011353,-4.102e-05,-0.01564913
2023-08-17,0.00438643,-3.648e-05,-2.302e-05,0.00432693
2023-08-18,0.00467932,-0.0001117,-6.327e-05,0.00450434
2023-08-19,0.0077838,-0.00010014,-4.596e-05,0.0076377
2023-08-20,-0.00154352,0.00033505,-0.00011591,-0.00132437
2023-08-21,0.0038616,0.00015941,-4.801e-05,0.003973
2023-08-22,-0.00514384,-7.316e-05,-2.648e-05,-0.00524348
2023-08-23,0.00262098,0.0005676,-3.47e-05,0.00315387
2023-08-24,-0.01228517,0.00055723,-2.937e-05,-0.0117573
2023-08-25,-0.01989629,0.00099574,-3.415e-05,-0.0189347
2023-08-26,0.00690662,0.00077642,-6.044e-05,0.0076226
2023-08-27,0.00848553,0.00143594,-9.145e-05,0.00983001
2023-08-28,-0.02339957,0.00063303,-5.318e-05,-0.02281973
2023-08-29,0.00298674,0.00179671,-6.974e-05,0.00471371
2023-08-30,0.00438091,0.00103862,-7.077e-05,0.00534876
2023-08-31,0.01136955,0.00047764,-0.00013951,0.01170768
2023-09-01,0.01158734,0.00033927,-3.909e-05,0.01188752
2023-09-02,-0.01255471,0.00037609,-0.00011028,-0.0122889
2023-09-03,0.01459494,0.00079421,-5.008e-05,0.01533907
2023-09-04,0.0011409,0.00336329,-3.214e-05,0.00447205
2023-09-05,0.00031022,0.00255533,-2.101e-05,0.00284453
2023-09-06,0.0175697,0.00089968,-2.238e-05,0.018447
2023-09-07,-0.00383117,0.00291979,-0.00011858,-0.00102995
2023-09-08,-0.00680158,0.00300504,-4.55e-05,-0.00384205
2023-09-09,-0.0140746,0.00074984,-2.492e-05,-0.01334967
2023-09-10,0.01252746,0.00091728,-1.112e-05,0.01343362
2023-09-11,0.00365608,0.00363259,-2.502e-05,0.00726366
2023-09-12,0.00503847,0.00201733,-3.553e-05,0.00702028
2023-09-13,0.00999896,0.00101256,-0.00011159,0.01089993
2023-09-14,0.00812974,0.00054421,-6.019e-05,0.00861376
2023-09-15,0.01044206,0.0008529,-4.305e-05,0.01125191
2023-09-16,-0.00122131,0.00367336,-7.498e-05,0.00237707
2023-09-17,-0.02192375,0.00419333,-4.441e-05,-0.01777484
2023-09-18,0.01112753,0.00312888,-2.084e-05,0.01423556
2023-09-19,0.01784744,0.00385837,-3.149e-05,0.02167431
2023-09-20,-0.00373487,0.00251513,-6.705e-05,-0.0012868
2023-09-21,-0.01049256,0.0009865,-5.133e-05,-0.00955739
2023-09-22,0.00123416,0.0005396,-4.858e-05,0.00172518
2023-09-23,0.00063801,0.0005404,-4.382e-05,0.00113459
2023-09-24,-0.00491615,0.00049924,-0.00010406,-0.00452097
2023-09-25,0.0180828,0.00037328,-4.646e-05,0.01840963
2023-09-26,0.00929149,0.0008764,-2.199e-05,0.01014589
2023-09-27,0.01422925,0.00270789,-3.484e-05,0.0169023
2023-09-28,-0.01603649,0.00198911,-4.114e-05,-0.01408852
2023-09-29,0.00681174,0.00058365,-5.481e-05,0.00734058
2023-09-30,-0.01259084,0.00087041,-9.966e-05,-0.01182008
2023-10-01,0.01496791,0.00047646,-3.537e-05,0.015409
2023-10-02,-1.11e-05,0.0003666,-4.156e-05,0.00031394
2023-10-03,-0.0221345,0.00022647,-7.369e-05,-0.02198172
2023-10-04,0.00135395,0.0001114,-5.847e-05,0.00140689
2023-10-05,0.00945067,0.00012816,-8.65e-05,0.00949234
2023-10-06,0.00124858,1.118e-05,-5.398e-05,0.00120578
2023-10-07,-0.00500772,0.00018272,-3.246e-05,-0.00485746
2023-10-08,-0.00137179,9.187e-05,-8.203e-05,-0.00136196
2023-10-09,0.00853515,3.684e-05,-7.473e-05,0.00849726
2023-10-10,-0.01474408,0.00034491,-5.216e-05,-0.01445132
2023-10-11,-0.00026253,0.00019479,-5.064e-05,-0.00011838
2023-10-12,-0.00296995,0.00012775,-6.492e-05,-0.00290712
2023-10-13,-0.00015737,1.982e-05,-6.598e-05,-0.00020353
2023-10-14,0.00269421,1.772e-05,-2.557e-05,0.00268637
2023-10-15,0.00505905,1.12e-06,-4.31e-05,0.00501707
2023-10-16,-0.00036788,5.606e-05,-2.854e-05,-0.00034035
2023-10-17,-0.00294531,8.644e-05,-2.911e-05,-0.00288799
2023-10-18,-0.00504339,-7.2e-06,-6.597e-05,-0.00511655
2023-10-19,-0.00382965,-5.431e-05,-8.09e-05,-0.00396486
2023-10-20,0.02911828,0.00022551,-6.998e-05,0.02927382
2023-10-21,0.01244624,0.00026065,-7.643e-05,0.01263046
2023-10-22,-0.01069861,0.00012715,-6.292e-05,-0.01063438
2023-10-23,0.03922353,0.00129706,-7.602e-05,0.04044457
2023-10-24,-0.00807277,0.00075465,-0.00010598,-0.00742411
2023-10-25,0.03493343,0.00287429,-9.018e-05,0.03771755
2023-10-26,-0.00423105,0.00236616,-5.324e-05,-0.00191812
2023-10-27,-0.0019553,0.00066351,-0.0001165,-0.00140829
2023-10-28,-0.00838313,0.00010791,-9.46e-05,-0.00836982
2023-10-29,-0.00717941,0.00022046,-4.121e-05,-0.00700017
2023-10-30,0.01994244,0.00084894,-5.47e-05,0.02073669
2023-10-31,0.01001241,0.00090504,-3.973e-05,0.01087772
2023-11-01,-0.0009169,0.00021326,-6.186e-05,-0.00076551
2023-11-02,-0.00970058,0.00024943,-5.873e-05,-0.00950988
2023-11-03,0.02134399,8.462e-05,-9.616e-05,0.02133245
2023-11-04,-0.00038083,2.586e-05,-9.14e-05,-0.00044636
2023-11-05,-0.0058352,3.418e-05,-4.416e-05,-0.00584518
2023-11-06,-0.00980558,0.00041258,-4.732e-05,-0.00944033
2023-11-07,0.0034405,0.00084219,-0.00012547,0.00415722
2023-11-08,0.00853138,0.00125974,-0.00014499,0.00964613
2023-11-09,-0.00997483,0.00150919,-3.395e-05,-0.0084996
2023-11-10,0.02409372,0.00039134,-6.93e-05,0.02441576
2023-11-11,0.00294637,4.46e-05,-0.00020044,0.00279054
2023-11-12,0.0022806,-5.206e-05,-7.364e-05,0.00215491
2023-11-13,-0.02306229,-2.91e-05,-7.282e-05,-0.02316421
2023-11-14,0.01997854,-4.211e-05,-0.00010092,0.01983552
2023-11-15,0.02659905,5.35e-06,-0.00013315,0.02647125
2023-11-16,-0.01221275,-4.628e-05,-4.788e-05,-0.01230691
2023-11-17,-0.00235749,-1.317e-05,-4.895e-05,-0.00241962
2023-11-18,0.00833881,-3.197e-05,-8.91e-05,0.00821774
2023-11-19,0.01178127,-4.145e-05,-7.297e-05,0.01166685
2023-11-20,-0.01539558,2.407e-05,-3.288e-05,-0.0154044
2023-11-21,-0.00856154,1.232e-05,-5.351e-05,-0.00860272
2023-11-22,0.02015614,-0.00012838,-7.276e-05,0.019955
2023-11-23,-0.01064523,-8.235e-05,-4.61e-05,-0.01077367
2023-11-24,-0.00355338,-6.8e-06,-3.317e-05,-0.00359335
2023-11-25,0.00626894,3.366e-05,-7.686e-05,0.00622574
2023-11-26,0.00076325,2.4e-05,-6.676e-05,0.00072049
2023-11-27,-0.01125036,-1.974e-05,-6.575e-05,-0.01133585
2023-11-28,0.00603654,-8.77e-06,-7.219e-05,0.00595559
2023-11-29,0.00012527,1.605e-05,-4.465e-05,9.667e-05
2023-11-30,0.00161348,2.613e-05,-2.642e-05,0.00161319
2023-12-01,-0.00202167,3.112e-05,-3.896e-05,-0.00202951
2023-12-02,0.01126242,-4.55e-06,-0.0001698,0.01108808
2023-12-03,-0.00284111,9.824e-05,-3.977e-05,-0.00278263
2023-12-04,0.00473291,0.00011617,-9.003e-05,0.00475905
2023-12-05,-0.00374478,8.027e-05,-4.282e-05,-0.00370733
2023-12-06,0.01073739,4.348e-05,-6.154e-05,0.01071933
2023-12-07,-0.02072729,0.00018124,-0.00010629,-0.02065234
2023-12-08,0.02487779,0.00019708,-6.722e-05,0.02500765
2023-12-09,0.00400644,8.988e-05,-5.909e-05,0.00403724
2023-12-10,0.01911499,-1.114e-05,-2.563e-05,0.01907821
2023-12-11,-0.01617287,5e-05,-5.303e-05,-0.0161759
2023-12-12,-0.01663297,-6.833e-05,-5.134e-05,-0.01675264
2023-12-13,0.0283491,-0.00020072,-0.00011946,0.02802892
2023-12-14,-0.00032764,-0.00019086,-0.00014891,-0.00066741
2023-12-15,0.00121418,-0.00019509,-2.606e-05,0.00099303
2023-12-16,-0.00925403,-8.718e-05,-3.76e-05,-0.0093788
2023-12-17,-0.0037538,-5.418e-05,-3.367e-05,-0.00384165
2023-12-18,0.02603976,-7.574e-05,-7.659e-05,0.02588743
2023-12-19,0.00967862,-6.869e-05,-2.039e-05,0.00958954
2023-12-20,0.02223594,-0.00021904,-7.294e-05,0.02194396
2023-12-21,0.01225279,-0.00015349,-6.734e-05,0.01203196
2023-12-22,-0.03562654,1.099e-05,-4.167e-05,-0.03565722
2023-12-23,0.02728806,5.593e-05,-9.414e-05,0.02724985
2023-12-24,0.00953687,-4.054e-05,-0.00018545,0.00931088
2023-12-25,-0.00187642,2.59e-06,-5.771e-05,-0.00193154
2023-12-26,-0.03108957,0.00010512,-4.75e-05,-0.03103195
2023-12-27,-0.0147081,5.609e-05,-5.858e-05,-0.01471058
2023-12-28,-0.00371944,-2.24e-06,-8.93e-05,-0.00381099
2023-12-29,0.01699937,0.00188336,-0.00010125,0.01878148
2023-12-30,0.00288791,0.0024481,-5.508e-05,0.00528093
2023-12-31,-0.01554651,0.00479519,-3.187e-05,-0.01078319
2024-01-01,0.01092968,0.00189879,-3.017e-05,0.0127983
2024-01-02,-0.01217385,-1.273e-05,-4.621e-05,-0.01223279
2024-01-03,0.00939973,0.00011548,-5.295e-05,0.00946225
2024-01-04,0.00863913,2.623e-05,-0.0001032,0.00856215
2024-01-05,-0.0009689,0.00012766,-4.809e-05,-0.00088933
2024-01-06,-0.01398037,0.00010613,-0.00015863,-0.01403286
2024-01-07,-0.00679368,0.00013229,-2.573e-05,-0.00668713
2024-01-08,0.02252289,7.695e-05,-3.048e-05,0.02256935
2024-01-09,-0.00072642,8.61e-06,-0.00011897,-0.00083678
2024-01-10,0.0012682,7.54e-06,-3.629e-05,0.00123945
2024-01-11,-0.01481878,1.804e-05,-5.298e-05,-0.01485373
2024-01-12,0.0001892,6.29e-06,-5.882e-05,0.00013667
2024-01-13,0.00225443,-1.001e-05,-0.00011437,0.00213005
2024-01-14,-0.01386391,-3.2e-06,-5.964e-05,-0.01392675
2024-01-15,0.00568473,7.1e-06,-3.351e-05,0.00565832
2024-01-16,0.00214952,-4.166e-05,-3.875e-05,0.00206911
2024-01-17,-0.00558107,2.386e-05,-5.598e-05,-0.0056132
2024-01-18,-0.01117334,3.376e-05,-2.377e-05,-0.01116335
2024-01-19,-0.00449292,6.088e-05,-5.683e-05,-0.00448887
2024-01-20,-0.0169402,8.816e-05,-3.88e-05,-0.01689084
2024-01-21,0.0017077,8.285e-05,-7.527e-05,0.00171527
2024-01-22,-0.00728318,0.00012546,-5.145e-05,-0.00720916
2024-01-23,-0.00045917,9.973e-05,-3.22e-05,-0.00039163
2024-01-24,0.00408209,6.177e-05,-3.625e-05,0.00410761
2024-01-25,-0.00854497,1.488e-05,-6.964e-05,-0.00859972
2024-01-26,0.01820984,2.076e-05,-6.71e-05,0.01816351
2024-01-27,0.00108343,2.459e-05,-4.419e-05,0.00106383
2024-01-28,-0.00117319,2.134e-05,-5.208e-05,-0.00120394
2024-01-29,0.00974973,8.12e-06,-4.599e-05,0.00971186
2024-01-30,-0.00075901,1.93e-06,-3.857e-05,-0.00079565
2024-01-31,-0.0104876,-1.421e-05,-4.83e-05,-0.01055011
2024-02-01,-0.00065888,2e-07,-2.441e-05,-0.00068309
2024-02-02,0.00322313,-5.5e-07,-7.93e-05,0.00314328
2024-02-03,-0.00900324,-2.52e-06,-8.556e-05,-0.00909132
2024-02-04,0.00666756,-1.496e-05,-4.71e-05,0.00660551
2024-02-05,0.00943492,-1.893e-05,-5.112e-05,0.00936488
2024-02-06,-0.00438453,-1.122e-05,-4.832e-05,-0.00444407
2024-02-07,-0.00094295,-3.24e-06,-4.388e-05,-0.00099007
2024-02-08,-0.00775259,-3.294e-05,-3.769e-05,-0.00782323
2024-02-09,0.01111549,-8.302e-05,-2.652e-05,0.01100594
2024-02-10,0.00776595,-8.58e-06,-4.208e-05,0.00771529
2024-02-11,-0.00108511,1.706e-05,-6.49e-05,-0.00113295
2024-02-12,0.00932553,6.815e-05,-4.215e-05,0.00935153
2024-02-13,0.00433783,5.604e-05,-5.469e-05,0.00433919
2024-02-14,0.00630218,4.894e-05,-5.407e-05,0.00629706
2024-02-15,-0.01558806,0.00012772,-3.788e-05,-0.01549823
2024-02-16,-0.01281679,0.00010714,-5.476e-05,-0.0127644
2024-02-17,-0.00189077,0.00010759,-4.666e-05,-0.00182984
2024-02-18,-0.00338951,0.00010194,-7.559e-05,-0.00336316
2024-02-19,-0.01397746,0.00015201,-7.18e-05,-0.01389725
2024-02-20,0.00323524,0.00011785,-7.874e-05,0.00327435
2024-02-21,0.00869056,2.275e-05,-7.829e-05,0.00863503
2024-02-22,0.02283612,0.00025129,-0.00010862,0.02297878
2024-02-23,-0.00618769,0.00026725,-0.00014575,-0.00606619
2024-02-24,-0.00082611,0.00042569,-4.084e-05,-0.00044126
2024-02-25,0.01630769,0.00035201,-5.895e-05,0.01660074
2024-02-26,-0.00589518,0.0002167,-3.201e-05,-0.00571049
2024-02-27,-0.02181594,0.00032908,-6.892e-05,-0.02155578
2024-02-28,0.00610228,0.00047855,-4.238e-05,0.00653844
2024-02-29,-0.02193331,0.00020772,-9.698e-05,-0.02182257
2024-03-01,9.633e-05,0.00017266,-0.00013052,0.00013846
2024-03-02,-0.02617525,0.00040846,-0.00011811,-0.0258849
2024-03-03,0.0253185,0.00025868,-9.127e-05,0.02548591
2024-03-04,0.04924105,0.00012656,-8.879e-05,0.04927882
2024-03-05,-0.02152591,0.00017351,-7.657e-05,-0.02142897
2024-03-06,0.01096824,-0.00014917,-8.725e-05,0.01073182
2024-03-07,-0.02385619,5.355e-05,-8.59e-05,-0.02388854
2024-03-08,0.03607194,8.345e-05,-7.625e-05,0.03607913
2024-03-09,0.00911443,0.000365,-0.00011963,0.0093598
2024-03-10,-0.00412497,0.00038014,-7.225e-05,-0.00381708
2024-03-11,-0.02091465,0.00022845,-4.914e-05,-0.02073534
2024-03-12,-0.00677249,0.00024848,-0.00010333,-0.00662734
2024-03-13,0.01365489,7.486e-05,-3.644e-05,0.01369331
2024-03-14,0.01209501,6.781e-05,-0.00011038,0.01205244
2024-03-15,0.01664145,6.02e-05,-0.00011127,0.01659038
2024-03-16,-0.00935786,-4.899e-05,-4.14e-05,-0.00944824
2024-03-17,0.02093697,-6.334e-05,-7.312e-05,0.02080052
2024-03-18,-0.00505104,-4.038e-05,-4.024e-05,-0.00513165
2024-03-19,-0.02259548,-5.905e-05,-2.576e-05,-0.02268029
2024-03-20,0.02657202,-2.19e-05,-3.56e-05,0.02651452
2024-03-21,-0.01673863,-2.384e-05,-0.00012593,-0.0168884
2024-03-22,0.00819349,3.95e-05,-8.082e-05,0.00815217
2024-03-23,0.00634927,6.182e-05,-2.775e-05,0.00638334
2024-03-24,0.00487613,5.135e-05,-2.869e-05,0.00489879
2024-03-25,0.00097395,-7.199e-05,-2.792e-05,0.00087405
2024-03-26,-0.00075261,-4.961e-05,-7.602e-05,-0.00087824
2024-03-27,0.00737484,-3.43e-06,-2.044e-05,0.00735097
2024-03-28,0.02014046,-3.85e-05,-4.496e-05,0.020057
2024-03-29,-0.00073051,1.199e-05,-1.667e-05,-0.00073519
2024-03-30,-0.00042659,0.00013217,-3.461e-05,-0.00032904
2024-03-31,0.01892102,0.00016182,-3.047e-05,0.01905237
2024-04-01,-0.00553832,4.013e-05,-1.737e-05,-0.00551555
2024-04-02,-0.00568765,1e-07,-1.459e-05,-0.00570214
2024-04-03,-0.0038918,-1.821e-05,-7.32e-06,-0.00391733
2024-04-04,0.01441683,5.221e-05,-2.136e-05,0.01444768
2024-04-05,-0.00300335,0.00016945,-3.093e-05,-0.00286483
2024-04-06,0.00106405,0.0002066,-2.597e-05,0.00124469
2024-04-07,0.00016748,0.00020892,-2.631e-05,0.00035009
2024-04-08,-0.00274826,0.00014025,-1.895e-05,-0.00262695
2024-04-09,0.00438628,1.997e-05,-2.385e-05,0.00438241
2024-04-10,0.00563939,9.809e-05,-2.251e-05,0.00571497
2024-04-11,-0.00260734,4.51e-06,-3.68e-05,-0.00263963
2024-04-12,0.02076538,6.487e-05,-3.075e-05,0.0207995
2024-04-13,0.01568539,0.00022318,-5.882e-05,0.01584975
2024-04-14,-0.01241563,0.0002067,-3.062e-05,-0.01223954
2024-04-15,-0.00914755,0.00022038,-3.316e-05,-0.00896034
2024-04-16,0.00114384,0.00033008,-1.957e-05,0.00145436
2024-04-17,-0.0015652,6.801e-05,-2.572e-05,-0.00152291
2024-04-18,0.00357646,0.00012733,-2.339e-05,0.00368039
2024-04-19,0.00021178,9.665e-05,-1.947e-05,0.00028896
2024-04-20,-0.00979165,4.09e-05,-4.303e-05,-0.00979378
2024-04-21,0.00722884,6.335e-05,-3.114e-05,0.00726104
2024-04-22,0.00286482,7.199e-05,-5.827e-05,0.00287853
2024-04-23,0.00865472,6.404e-05,-2.606e-05,0.0086927
2024-04-24,0.00683531,0.00016179,-3.782e-05,0.00695928
2024-04-25,0.00804754,9.203e-05,-4.025e-05,0.00809933
2024-04-26,-0.00082414,0.00022158,-4.095e-05,-0.00064351
2024-04-27,-0.00908781,0.00020066,-2.392e-05,-0.00891108
2024-04-28,0.00731996,0.00027526,-3.87e-05,0.00755652
2024-04-29,-0.00018428,0.00034005,-4.359e-05,0.00011218
2024-04-30,-0.00806994,0.00019097,-3.215e-05,-0.00791112
2024-05-01,-0.01819174,0.00016571,-1.955e-05,-0.01804559
2024-05-02,-0.00399804,0.00021209,-2.409e-05,-0.00381005
2024-05-03,0.01265811,0.00011188,-7.269e-05,0.0126973
2024-05-04,0.00271953,6.709e-05,-6.484e-05,0.00272178
2024-05-05,0.00484101,0.0001626,-3.859e-05,0.00496502
2024-05-06,-0.00453933,9.138e-05,-4.207e-05,-0.00449002
2024-05-07,-0.00032826,4.84e-06,-0.000103,-0.00042642
2024-05-08,-0.00705015,-2.315e-05,-4.083e-05,-0.00711412
2024-05-09,0.01181707,2.005e-05,-2.786e-05,0.01180925
2024-05-10,0.00617169,0.00010032,-4.818e-05,0.00622383
2024-05-11,0.00279268,4.094e-05,-4.113e-05,0.00279249
2024-05-12,0.00382312,5.349e-05,-2.787e-05,0.00384875
2024-05-13,0.01365731,0.00010968,-5.187e-05,0.01371512
2024-05-14,-0.0048683,0.00028249,-4.812e-05,-0.00463393
2024-05-15,-0.00569531,0.00049781,-3.769e-05,-0.00523519
2024-05-16,-0.00561564,0.0001771,-4.141e-05,-0.00547995
2024-05-17,-0.01448226,0.00014039,-7.182e-05,-0.0144137
2024-05-18,-0.00664683,4.189e-05,-0.00011482,-0.00671976
2024-05-19,0.00396875,3.288e-05,-6.071e-05,0.00394091
2024-05-20,0.00434569,3.51e-06,-4.93e-05,0.0042999
2024-05-21,0.01274087,-3.117e-05,-9.591e-05,0.0126138
2024-05-22,0.01578897,-2.578e-05,-6.109e-05,0.0157021
2024-05-23,0.02718522,2.686e-05,-6.106e-05,0.02715103
2024-05-24,-0.00962267,9.02e-06,-9.406e-05,-0.00970771
2024-05-25,0.00035873,-4.56e-06,-0.0001033,0.00025088
2024-05-26,0.00199793,1.052e-05,-6.464e-05,0.00194382
2024-05-27,0.00153422,9.7e-06,-3.342e-05,0.0015105
2024-05-28,0.00704361,1.988e-05,-2.556e-05,0.00703793
2024-05-29,-0.01432737,1.805e-05,-4.077e-05,-0.01435009
2024-05-30,-0.01961725,-3.55e-06,-5.847e-05,-0.01967927
2024-05-31,0.01649788,6.54e-06,-5.578e-05,0.01644863
2024-06-01,0.01303277,2.712e-05,-5.191e-05,0.01300797
2024-06-02,0.00276526,-4.832e-05,-4.108e-05,0.00267586
2024-06-03,-0.00297534,-3.879e-05,-3.837e-05,-0.0030525
2024-06-04,0.00108158,-1.557e-05,-2.303e-05,0.00104298
2024-06-05,0.01070893,-2.223e-05,-0.00014268,0.01054401
2024-06-06,0.00664753,2.174e-05,-9.6e-05,0.00657326
2024-06-07,-0.00285904,7.878e-05,-5.899e-05,-0.00283925
2024-06-08,0.00997697,5.181e-05,-6.873e-05,0.00996004
2024-06-09,-0.00584601,3.53e-05,-6.473e-05,-0.00587544
2024-06-10,-0.0081754,4.674e-05,-2.929e-05,-0.00815796
2024-06-11,-0.00307464,4.622e-05,-2.436e-05,-0.00305279
2024-06-12,-0.02008412,3.577e-05,-2.84e-05,-0.02007675
2024-06-13,-0.00112127,2.564e-05,-6.217e-05,-0.0011578
2024-06-14,0.00683227,1.608e-05,-6.25e-05,0.00678585
2024-06-15,-0.00065361,4.4e-06,-5.097e-05,-0.00070018
2024-06-16,0.00305989,2.57e-05,-6.28e-05,0.0030228
2024-06-17,0.00266585,2.26e-05,-4.592e-05,0.00264253
2024-06-18,0.01129621,-9.26e-06,-4.387e-05,0.01124309
2024-06-19,-0.00415736,-3.699e-05,-7.827e-05,-0.00427262
2024-06-20,-0.01931295,-2.484e-05,-0.00011693,-0.01945472
2024-06-21,-0.00103053,2.86e-05,-5.855e-05,-0.00106047
2024-06-22,0.01656882,4.755e-05,-2.038e-05,0.016596
2024-06-23,-0.00094632,1.09e-05,-3.305e-05,-0.00096847
2024-06-24,-0.00649172,-3.8e-07,-6.398e-05,-0.00655608
2024-06-25,0.01121727,1.39e-05,-0.00013777,0.01109341
2024-06-26,-0.00634871,2.759e-05,-0.00010241,-0.00642352
2024-06-27,-0.00416686,1.976e-05,-8.245e-05,-0.00422955
2024-06-28,-0.01150863,1.829e-05,-3.621e-05,-0.01152655
2024-06-29,0.00137884,2.12e-06,-5.043e-05,0.00133054
2024-06-30,0.00457709,3.826e-05,-2.799e-05,0.00458735
2024-07-01,0.00193514,3.424e-05,-6.098e-05,0.00190839
2024-07-02,-0.00384842,5.391e-05,-3.779e-05,-0.00383229
2024-07-03,-0.01313645,2.523e-05,-6.701e-05,-0.01317823
2024-07-04,-0.01648862,2.3e-06,-4.482e-05,-0.01653114
2024-07-05,0.00433715,-0.00013425,-3.71e-05,0.0041658
2024-07-06,-0.00537897,-4.459e-05,-7.674e-05,-0.00550029
2024-07-07,-0.00322662,1.485e-05,-7.781e-05,-0.00328958
2024-07-08,0.00832339,1.191e-05,-6.075e-05,0.00827456
2024-07-09,-0.00036851,7.55e-06,-8.571e-05,-0.00044667
2024-07-10,0.00027617,8.86e-06,-3.526e-05,0.00024977
2024-07-11,-0.00879835,-1.868e-05,-2.08e-05,-0.00883782
2024-07-12,-0.00768991,-0.00012034,-1.569e-05,-0.00782593
2024-07-13,-0.00502011,-1.923e-05,-2.761e-05,-0.00506695
2024-07-14,0.01036164,1.04e-06,-0.00010043,0.01026225
2024-07-15,-0.00611225,-3.158e-05,-5.987e-05,-0.0062037
2024-07-16,-0.00341408,-8.483e-05,-5.105e-05,-0.00354997
2024-07-17,0.00095454,-0.00013175,-5.763e-05,0.00076516
2024-07-18,0.00406648,-6.381e-05,-5.287e-05,0.0039498
2024-07-19,0.00171732,-6.314e-05,-6.773e-05,0.00158645
2024-07-20,-0.00357062,-5.352e-05,-3.378e-05,-0.00365792
2024-07-21,-0.00117216,-5.909e-05,-6.603e-05,-0.00129728
2024-07-22,0.00026959,-4.488e-05,-5.199e-05,0.00017271
2024-07-23,0.0058556,-6.046e-05,-5.403e-05,0.00574111
2024-07-24,0.004333,-0.00015021,-6.623e-05,0.00411656
2024-07-25,-0.00160603,-8.041e-05,-4.565e-05,-0.00173209
2024-07-26,-0.0098666,-4.413e-05,-2.784e-05,-0.00993857
2024-07-27,-0.00147418,-0.00012852,-4.372e-05,-0.00164642
2024-07-28,0.00091707,-1.936e-05,-4.88e-05,0.00084891
2024-07-29,-0.00011851,-2.057e-05,-3.287e-05,-0.00017195
2024-07-30,0.00213295,-2.997e-05,-4.498e-05,0.002058
2024-07-31,-0.00293371,-2.539e-05,-3.812e-05,-0.00299721
2024-08-01,-0.00860175,-4.014e-05,-4.135e-05,-0.00868323
2024-08-02,0.00265308,-3.624e-05,-2.614e-05,0.0025907
2024-08-03,-0.00141909,-7.018e-05,-5.06e-05,-0.00153987
2024-08-04,-0.00144988,-9.461e-05,-2.922e-05,-0.0015737
2024-08-05,0.00167565,-0.0001014,-3.063e-05,0.00154362
2024-08-06,0.00562221,-0.0001558,-2.441e-05,0.005442
2024-08-07,0.02360107,-0.0001192,-6.874e-05,0.02341313
2024-08-08,-0.00949227,-6.805e-05,-7.008e-05,-0.0096304
2024-08-09,0.00067911,-5.898e-05,-3.201e-05,0.00058812
2024-08-10,-0.00184959,-6.01e-05,-2.104e-05,-0.00193072
2024-08-11,-0.0063321,-0.00010239,-2.211e-05,-0.00645661
2024-08-12,0.01025859,-8.423e-05,-1.162e-05,0.01016274
2024-08-13,-0.00034137,-9.399e-05,-2.075e-05,-0.00045611
2024-08-14,-0.00216273,-4.404e-05,-4.368e-05,-0.00225044
2024-08-15,-0.00407021,-4.565e-05,-7.073e-05,-0.0041866
2024-08-16,-0.00279451,-0.00013276,-4.882e-05,-0.00297609
2024-08-17,0.0010885,-9.194e-05,-3.289e-05,0.00096367
2024-08-18,0.00208566,-7.166e-05,-3.454e-05,0.00197946
2024-08-19,0.00432561,-6.155e-05,-3.195e-05,0.00423211
2024-08-20,-0.00115952,-3.329e-05,-1.707e-05,-0.00120988
2024-08-21,-0.00244486,8.18e-06,-4.277e-05,-0.00247945
2024-08-22,-0.00459176,6.82e-06,-4.422e-05,-0.00462917
2024-08-23,-0.00928159,5.004e-05,-3.158e-05,-0.00926313
2024-08-24,-0.00459266,8.422e-05,-7.226e-05,-0.0045807
2024-08-25,0.00196614,5.156e-05,-6.25e-05,0.0019552
2024-08-26,-0.0022814,8.88e-06,-0.0001288,-0.00240131
2024-08-27,0.0016318,-6.5e-07,-1.272e-05,0.00161843
2024-08-28,-0.00401669,-7.175e-05,-3.516e-05,-0.0041236
2024-08-29,-0.00156922,-1.427e-05,-5.686e-05,-0.00164035
2024-08-30,0.00513165,-3.1e-05,-4.312e-05,0.00505753
2024-08-31,-0.00135133,3.224e-05,-4.646e-05,-0.00136555
2024-09-01,-0.00394448,-1.291e-05,-3.435e-05,-0.00399174
2024-09-02,0.00931796,-5.991e-05,-6.132e-05,0.00919674
2024-09-03,-0.00425768,2.576e-05,-0.00015174,-0.00438366
2024-09-04,0.00637263,-5.063e-05,-3.157e-05,0.00629042
2024-09-05,0.0023142,5.628e-05,-4.594e-05,0.00232454
2024-09-06,0.01026423,3.774e-05,-5.924e-05,0.01024273
2024-09-07,0.0008053,-5.343e-05,-2.146e-05,0.0007304
2024-09-08,-0.00657022,2.745e-05,-5.592e-05,-0.00659869
2024-09-09,-0.00473721,-2.439e-05,-3.932e-05,-0.00480093
2024-09-10,-0.00191085,8.62e-06,-4.005e-05,-0.00194228
2024-09-11,0.00520685,3.469e-05,-3.584e-05,0.0052057
2024-09-12,-0.00816441,-2.148e-05,-4.222e-05,-0.00822812
2024-09-13,-0.01360244,0.00022878,-5.326e-05,-0.01342693
2024-09-14,-0.00160702,0.00011739,-4.52e-05,-0.00153483
2024-09-15,0.01032966,-0.00037366,-6.357e-05,0.00989242
2024-09-16,0.00472643,-0.0001579,-5.821e-05,0.00451032
2024-09-17,-0.01003335,-6.88e-06,-7.696e-05,-0.01011719
2024-09-18,0.00067483,0.00010783,-4.127e-05,0.00074139
2024-09-19,0.02059301,0.0003313,-5.905e-05,0.02086526
2024-09-20,0.00354626,8.478e-05,-9.703e-05,0.00353401
2024-09-21,-0.00853426,4.089e-05,-7.14e-05,-0.00856477
2024-09-22,0.00914464,-5.06e-06,-0.0001511,0.00898848
2024-09-23,0.00215881,0.00024805,-3.588e-05,0.00237098
2024-09-24,0.00338665,4.387e-05,-2.989e-05,0.00340062
2024-09-25,-0.01492773,4.641e-05,-6.805e-05,-0.01494937
2024-09-26,-0.00869057,-4.63e-06,-3.367e-05,-0.00872887
2024-09-27,0.00155759,0.00029275,-5.571e-05,0.00179464
2024-09-28,-0.00544926,-3.86e-05,-5.872e-05,-0.00554658
2024-09-29,0.00058954,-0.00010705,-7.229e-05,0.00041019
2024-09-30,-0.00038325,-6.919e-05,-9.78e-05,-0.00055023
2024-10-01,-5.411e-05,-6.104e-05,-7.621e-05,-0.00019136
2024-10-02,0.00439964,0.00016813,-6.586e-05,0.00450191
2024-10-03,-0.00798322,0.00030654,-3.49e-05,-0.00771158
2024-10-04,0.01451517,0.00088745,-3.174e-05,0.01537089
2024-10-05,-0.00635088,0.00010839,-6.821e-05,-0.0063107
2024-10-06,0.01320501,4.042e-05,-3.839e-05,0.01320704
2024-10-07,0.01238377,8.764e-05,-0.00013455,0.01233685
2024-10-08,-0.0060938,-1.361e-05,-3.519e-05,-0.0061426
2024-10-09,-0.00102313,4.07e-06,-2.757e-05,-0.00104663
2024-10-10,-0.00524467,1.457e-05,-4.304e-05,-0.00527314
2024-10-11,0.01880851,0.00010019,-2.472e-05,0.01888398
2024-10-12,0.00475157,-2.128e-05,-4.671e-05,0.00468358
2024-10-13,0.00092855,-8.503e-05,-6.17e-05,0.00078183
2024-10-14,0.01424445,0.00165559,-3.057e-05,0.01586947
2024-10-15,-0.04005395,0.00136241,-4.404e-05,-0.03873558
2024-10-16,-0.02075926,0.00069616,-4.473e-05,-0.02010782
2024-10-17,-0.00357508,-5.752e-05,-5.402e-05,-0.00368662
2024-10-18,0.00483112,2.971e-05,-5.543e-05,0.0048054
2024-10-19,-0.00427236,1.759e-05,-5.284e-05,-0.00430761
2024-10-20,0.00094796,-6.187e-05,-0.00010087,0.00078522
2024-10-21,-3.3e-07,-4.288e-05,-6.821e-05,-0.00011142
2024-10-22,0.00087766,-5.864e-05,-6.15e-05,0.00075751
2024-10-23,-0.00093491,-5.002e-05,-9.288e-05,-0.00107781
2024-10-24,-0.00062803,-3.891e-05,-4.16e-05,-0.00070853
2024-10-25,-0.01095486,-2.792e-05,-6.912e-05,-0.0110519
2024-10-26,0.00707585,-1.538e-05,-8.938e-05,0.00697109
2024-10-27,0.00388893,1.21e-06,-2.974e-05,0.0038604
2024-10-28,-0.00282198,-3.411e-05,-3.197e-05,-0.00288806
2024-10-29,0.01180675,-4.137e-05,-3.841e-05,0.01172697
2024-10-30,-0.00303677,-6.427e-05,-6.424e-05,-0.00316529
2024-10-31,-0.0017675,6.96e-06,-8.944e-05,-0.00184997
2024-11-01,0.00097567,7.1e-07,-7.888e-05,0.0008975
2024-11-02,-0.00299539,2.091e-05,-3.229e-05,-0.00300677
2024-11-03,0.00177248,3.63e-06,-2.586e-05,0.00175025
2024-11-04,0.00528467,2.076e-05,-2.925e-05,0.00527618
2024-11-05,0.00620806,1.055e-05,-3.278e-05,0.00618583
2024-11-06,0.00433261,7.76e-06,-3.793e-05,0.00430244
2024-11-07,-0.00889189,1.621e-05,-5.289e-05,-0.00892857
2024-11-08,0.00140915,2.06e-06,-2.562e-05,0.00138559
2024-11-09,0.0097123,2.71e-05,-6.864e-05,0.00967075
2024-11-10,0.02368382,7.107e-05,-7.998e-05,0.02367492
2024-11-11,0.01619662,7.768e-05,-4.134e-05,0.01623296
2024-11-12,-0.00228154,9.831e-05,-4.769e-05,-0.00223092
2024-11-13,2.451e-05,0.00016405,-0.00010601,8.255e-05
2024-11-14,0.00389011,0.00013753,-8.195e-05,0.00394569
2024-11-15,0.02525303,-2.013e-05,-0.00014658,0.02508632
2024-11-16,0.00147963,1.132e-05,-7.712e-05,0.00141384
2024-11-17,0.00629484,1.81e-06,-6.601e-05,0.00623064
2024-11-18,-0.01753558,1.586e-05,-4.154e-05,-0.01756126
2024-11-19,0.02373944,-2.503e-05,-3.685e-05,0.02367756
2024-11-20,0.01692074,-2.77e-06,-9.584e-05,0.01682213
2024-11-21,-0.0042323,3.287e-05,-2.1e-05,-0.00422043
2024-11-22,0.02102101,9.4e-05,-5.841e-05,0.0210566
2024-11-23,-0.03528021,0.00017822,-6.122e-05,-0.03516321
2024-11-24,-0.01316584,0.0001146,-6.317e-05,-0.01311442
2024-11-25,-0.01302794,8.626e-05,-5.05e-05,-0.01299217
2024-11-26,0.0143156,8.14e-06,-7.719e-05,0.01424655
2024-11-27,-0.00782158,4.313e-05,-3.822e-05,-0.00781667
2024-11-28,-0.00306868,8.622e-05,-7.339e-05,-0.00305585
2024-11-29,0.01800545,5.912e-05,-0.00011553,0.01794905
2024-11-30,0.00079517,6.934e-05,-3.909e-05,0.00082542
2024-12-01,0.01732328,8.213e-05,-3.128e-05,0.01737413
2024-12-02,0.02483055,3.079e-05,-4.184e-05,0.0248195
2024-12-03,-0.0440707,0.0001886,-5.512e-05,-0.04393722
2024-12-04,-0.00164969,0.00010991,-8.674e-05,-0.00162652
2024-12-05,-0.00311116,2.025e-05,-6.261e-05,-0.00315352
2024-12-06,0.01412208,1.727e-05,-2.838e-05,0.01411097
2024-12-07,-0.00286938,-3.638e-05,-6.668e-05,-0.00297244
2024-12-08,0.00420585,-5.48e-06,-2.852e-05,0.00417185
2024-12-09,-0.00108033,-3.67e-06,-2.881e-05,-0.00111282
2024-12-10,0.01918449,-2.496e-05,-4.939e-05,0.01911015
2024-12-11,-0.00387979,3.441e-05,-6.746e-05,-0.00391285
2024-12-12,-0.00092548,3.26e-06,-4.221e-05,-0.00096444
2024-12-13,0.0092357,-2.89e-06,-3.169e-05,0.00920112
2024-12-14,-0.00305611,-1.998e-05,-2.749e-05,-0.00310357
2024-12-15,0.00621249,3.47e-06,-2.506e-05,0.00619091
2024-12-16,0.00177119,1.487e-05,-9.674e-05,0.00168932
2024-12-17,0.00671953,-3.59e-06,-2.556e-05,0.00669039
2024-12-18,0.00653408,-7.7e-06,-3.745e-05,0.00648894
2024-12-19,0.01006149,1.773e-05,-3.084e-05,0.01004838
2024-12-20,-0.00123915,3.122e-05,-1.068e-05,-0.00121861
2024-12-21,0.00778358,-5.105e-05,-6.825e-05,0.00766427
2024-12-22,-0.00114945,1.511e-05,-1.876e-05,-0.0011531
2024-12-23,-0.00193409,2.009e-05,-3.09e-05,-0.0019449
2024-12-24,0.0061513,-5.042e-05,-3.44e-05,0.00606649
2024-12-25,-0.00288885,1.498e-05,-5.195e-05,-0.00292581
2024-12-26,-0.01029381,4.567e-05,-8.426e-05,-0.01033241
2024-12-27,-0.00472881,6.121e-05,-2.44e-05,-0.004692
2024-12-28,-0.00419864,2.191e-05,-1.852e-05,-0.00419525
2024-12-29,-0.00039453,-1.95e-05,-4.322e-05,-0.00045725
2024-12-30,-0.00024168,5.7e-06,-3.791e-05,-0.00027389
2024-12-31,-0.00321106,4.517e-05,-2.629e-05,-0.00319217
2025-01-01,0.01534922,1.384e-05,-2.891e-05,0.01533415
2025-01-02,-0.00954138,1.704e-05,-2.69e-05,-0.00955124
2025-01-03,0.00480142,3.35e-06,-1.786e-05,0.0047869
2025-01-04,0.00087527,-1.786e-05,-6.222e-05,0.0007952
2025-01-05,0.00041301,-1.605e-05,-5.221e-05,0.00034475
2025-01-06,-0.01100279,2.91e-06,-4.864e-05,-0.01104851
2025-01-07,0.00279541,-3.667e-05,-2.606e-05,0.00273268
2025-01-08,0.01166198,-0.00011468,-4.301e-05,0.01150429
2025-01-09,-0.00364923,-7.1e-06,-2.883e-05,-0.00368517
2025-01-10,0.00970934,3.546e-05,-1.465e-05,0.00973015
2025-01-11,0.00906098,5.783e-05,-3.677e-05,0.00908205
2025-01-12,-0.00697499,9.3e-07,-4.621e-05,-0.00702026
2025-01-13,0.0126211,-2.481e-05,-5.031e-05,0.01254598
2025-01-14,-0.00157783,-5.58e-06,-2.948e-05,-0.00161289
2025-01-15,0.00771482,-6.49e-06,-3.42e-05,0.00767413
2025-01-16,0.01421116,1.077e-05,-2.388e-05,0.01419805
2025-01-17,-0.00980936,7.13e-06,-4.222e-05,-0.00984445
2025-01-18,0.00643954,-1.429e-05,-5.504e-05,0.00637021
2025-01-19,0.00071168,-6.3e-06,-4.482e-05,0.00066056
2025-01-20,0.01391231,-4.2e-06,-6.192e-05,0.01384619
2025-01-21,-0.0098851,-4.603e-05,-5.283e-05,-0.00998396
2025-01-22,-0.00614726,-2.173e-05,-4.672e-05,-0.00621571
2025-01-23,0.00081237,-3.729e-05,-5.284e-05,0.00072224
2025-01-24,0.0122826,-4.37e-06,-3.864e-05,0.01223959
2025-01-25,-0.00201964,5.19e-05,-4.289e-05,-0.00201064
2025-01-26,0.00574348,7.04e-06,-2.27e-05,0.00572783
2025-01-27,0.00426486,-1.472e-05,-4.265e-05,0.00420749
2025-01-28,0.02093485,-2.347e-05,-4.343e-05,0.02086795
2025-01-29,-0.00965703,1.637e-05,-3.406e-05,-0.00967471
2025-01-30,0.00027559,-4.644e-05,-5.983e-05,0.00016933
2025-01-31,-0.01894256,-8.34e-06,-3.198e-05,-0.01898288
2025-02-01,0.01420772,1.267e-05,-3.175e-05,0.01418864
2025-02-02,0.00770992,-1.296e-05,-5.009e-05,0.00764687
2025-02-03,0.0082443,-8.27e-05,-2.516e-05,0.00813644
2025-02-04,0.00335406,4.261e-05,-2.555e-05,0.00337112
2025-02-05,-0.00819326,5.153e-05,-4.883e-05,-0.00819056
2025-02-06,0.01194389,-6.717e-05,-6.815e-05,0.01180857
2025-02-07,0.00745141,-6.604e-05,-1.853e-05,0.00736684
2025-02-08,-0.01804989,-4.926e-05,-2.744e-05,-0.01812659
2025-02-09,0.00518203,-6.866e-05,-7.294e-05,0.00504042
2025-02-10,0.00360826,-3.051e-05,-5.034e-05,0.0035274
2025-02-11,-0.00125542,-9.951e-05,-3.037e-05,-0.0013853
2025-02-12,-0.00872805,-2.54e-06,-6.008e-05,-0.00879068
2025-02-13,0.0152698,-0.0001175,-8.66e-05,0.0150657
2025-02-14,-0.02277007,-6.347e-05,-6.579e-05,-0.02289933
2025-02-15,0.02095005,-9.337e-05,-4.384e-05,0.02081284
2025-02-16,-0.00077971,-2.772e-05,-3.851e-05,-0.00084594
2025-02-17,-0.00707416,-5.339e-05,-3.127e-05,-0.00715882
2025-02-18,0.0138362,-0.000127,-2.227e-05,0.01368692
2025-02-19,0.0138766,-6.628e-05,-0.0001012,0.01370912
2025-02-20,-0.01801429,-9.114e-05,-5.774e-05,-0.01816317
2025-02-21,-0.00909361,-6.567e-05,-6.092e-05,-0.0092202
2025-02-22,-0.01695106,-0.00024001,-2.42e-05,-0.01721527
2025-02-23,0.01176082,-7.4e-07,-4.122e-05,0.01171886
2025-02-24,0.01574208,-9.799e-05,-3.937e-05,0.01560472
2025-02-25,-0.00661817,-0.00010374,-4.859e-05,-0.0067705
2025-02-26,0.00225516,-3.353e-05,-3.827e-05,0.00218336
2025-02-27,-0.00429041,-1.011e-05,-6.979e-05,-0.00437031
2025-02-28,-0.00250297,5.962e-05,-0.0001085,-0.00255185
2025-03-01,0.00564752,6.658e-05,-4.8e-05,0.0056661
2025-03-02,-0.03824991,0.00011673,-4.68e-05,-0.03817999
2025-03-03,-0.00180476,2.201e-05,-7.857e-05,-0.00186131
2025-03-04,0.00936742,2.074e-05,-7.392e-05,0.00931425
2025-03-05,-0.00318243,3.223e-05,-3.624e-05,-0.00318644
2025-03-06,-0.00165669,5.709e-05,-6.621e-05,-0.0016658
2025-03-07,-0.00751597,3.085e-05,-0.00010814,-0.00759326
2025-03-08,-0.0013951,1.166e-05,-5.232e-05,-0.00143577
2025-03-09,0.01061344,-2.757e-05,-5.33e-05,0.01053257
2025-03-10,0.00181715,6.19e-06,-6.012e-05,0.00176322
2025-03-11,-0.0017384,-7.259e-05,-5.093e-05,-0.00186193
2025-03-12,-0.01881465,5.946e-05,-2.749e-05,-0.01878268
2025-03-13,-0.00787182,4.286e-05,-3.978e-05,-0.00786874
2025-03-14,0.00157518,1.181e-05,-4.858e-05,0.00153842
2025-03-15,0.00734815,-7.806e-05,-4.678e-05,0.00722331
2025-03-16,0.01390178,-0.0002239,-3.13e-05,0.01364658
2025-03-17,0.00842531,-0.00119148,-2.772e-05,0.00720612
2025-03-18,-0.00137504,0.00010621,-4.66e-05,-0.00131542
2025-03-19,-0.00823906,0.00011297,-6.291e-05,-0.00818901
2025-03-20,0.0140995,0.00132946,-4.582e-05,0.01538313
2025-03-21,0.00854616,0.00114853,-3.421e-05,0.00966048
2025-03-22,-0.02139595,0.00436157,-2.02e-05,-0.01705458
2025-03-23,-0.01554423,0.00029126,-1.965e-05,-0.01527262
2025-03-24,-0.00938615,0.00070641,-1.477e-05,-0.00869451
2025-03-25,-0.00694183,0.00037497,-2.542e-05,-0.00659228
2025-03-26,-0.00546107,0.00010985,-3.021e-05,-0.00538144
2025-03-27,-0.0007655,4.584e-05,-3.772e-05,-0.00075738
2025-03-28,0.00646111,0.00012195,-4.905e-05,0.00653402
2025-03-29,0.00220021,0.00011192,-3.505e-05,0.00227708
2025-03-30,-0.00064499,6.58e-05,-2.403e-05,-0.00060322
2025-03-31,-0.00275249,6.362e-05,-2.751e-05,-0.00271639
2025-04-01,-0.00235235,2.853e-05,-2.645e-05,-0.00235027
2025-04-02,0.00674398,-5.46e-06,-4.666e-05,0.00669186
2025-04-03,-0.00850745,-0.00029681,-3.985e-05,-0.00884411
2025-04-04,0.00027705,-0.00036877,-3.169e-05,-0.00012341
2025-04-05,0.00714672,0.00050765,-5.761e-05,0.00759677
2025-04-06,0.01846505,0.00100269,-3.008e-05,0.01943766
2025-04-07,-0.00346844,0.00012668,-8.978e-05,-0.00343155
2025-04-08,-0.00797562,0.00044755,-4.78e-05,-0.00757587
2025-04-09,-0.01465366,0.00021972,-3.205e-05,-0.01446599
2025-04-10,-0.00276938,0.00031689,-3.781e-05,-0.0024903
2025-04-11,-0.00250979,0.0004664,-3.755e-05,-0.00208094
2025-04-12,-0.0084726,0.00036604,-5.434e-05,-0.0081609
2025-04-13,-0.00484539,0.0002895,-3.646e-05,-0.00459234
2025-04-14,-0.00029108,0.00012526,-3.869e-05,-0.0002045
2025-04-15,0.00449726,3.852e-05,-8.572e-05,0.00445006
2025-04-16,0.00609616,7.021e-05,-2.657e-05,0.0061398
2025-04-17,-0.00286591,0.00013734,-2.997e-05,-0.00275854
2025-04-18,-0.00387213,0.00010496,-2.607e-05,-0.00379324
2025-04-19,0.00246919,3.503e-05,-5.549e-05,0.00244874
2025-04-20,0.0028539,2.337e-05,-1.538e-05,0.00286188
2025-04-21,-0.00083954,-4.381e-05,-1.035e-05,-0.0008937
2025-04-22,-0.00935622,4.729e-05,-2.604e-05,-0.00933497
2025-04-23,-0.01092473,1.685e-05,-2.751e-05,-0.0109354
2025-04-24,0.00098702,1.122e-05,-4.722e-05,0.00095103
2025-04-25,-0.0007063,-0.0001694,-7.181e-05,-0.00094752
2025-04-26,-0.00427224,-1.747e-05,-5.325e-05,-0.00434296
2025-04-27,-0.0008598,-8.42e-06,-3.658e-05,-0.0009048
2025-04-28,0.0011375,-2.62e-06,-3.132e-05,0.00110356
2025-04-29,0.00320027,7.478e-05,-2.015e-05,0.0032549
2025-04-30,-0.00776398,-7.068e-05,-1.546e-05,-0.00785012
2025-05-01,0.00338598,-3.908e-05,-2.88e-05,0.00331811
2025-05-02,0.00787137,1.062e-05,-4.2e-05,0.00783999
2025-05-03,-0.0059711,-1.412e-05,-2.101e-05,-0.00600623
2025-05-04,0.00384982,-3.013e-05,-4.333e-05,0.00377636
2025-05-05,0.00717076,5.731e-05,-3.893e-05,0.00718915
2025-05-06,-0.00040795,-4.63e-06,-1.738e-05,-0.00042996
2025-05-07,0.01324458,5.098e-05,-4.828e-05,0.01324728
2025-05-08,-0.01903847,2.932e-05,-3.905e-05,-0.0190482
2025-05-09,-0.01340875,2.717e-05,-5.511e-05,-0.01343669
2025-05-10,-0.02002795,2.261e-05,-4.889e-05,-0.02005424
2025-05-11,0.00624045,3.447e-05,-7.71e-05,0.00619783
2025-05-12,0.00291043,-2.25e-06,-0.00012184,0.00278634
2025-05-13,-0.00012895,-1.469e-05,-6.433e-05,-0.00020797
2025-05-14,-0.00041088,2.49e-05,-6.385e-05,-0.00044982
2025-05-15,-0.00240589,-3.269e-05,-6.123e-05,-0.0024998
2025-05-16,-0.00313312,-3.588e-05,-5.15e-05,-0.00322049
2025-05-17,-0.00562995,5.72e-06,-2.032e-05,-0.00564455
2025-05-18,0.01836114,1.834e-05,-4.542e-05,0.01833406
2025-05-19,-0.00150181,1.25e-05,-5.292e-05,-0.00154223
2025-05-20,-0.000329,1.961e-05,-3.728e-05,-0.00034666
2025-05-21,-0.00095127,-9.58e-05,-4.798e-05,-0.00109506
2025-05-22,0.00919342,-2.625e-05,-7.278e-05,0.00909438
2025-05-23,-0.00061017,-2.828e-05,-3.979e-05,-0.00067824
2025-05-24,0.00050535,-5.82e-06,-7.451e-05,0.00042501
2025-05-25,0.00249411,-4.191e-05,-2.37e-05,0.00242849
2025-05-26,-0.0009322,2.995e-05,-2.769e-05,-0.00092994
2025-05-27,-0.00127379,1.163e-05,-3.093e-05,-0.00129309
2025-05-28,0.00154292,3.417e-05,-2.715e-05,0.00154994
2025-05-29,-0.00395257,7.53e-06,-5.459e-05,-0.00399964
2025-05-30,-0.00108601,-5.823e-05,-3.142e-05,-0.00117566
2025-05-31,-0.00226486,-3.46e-05,-3.631e-05,-0.00233578
2025-06-01,-0.00036339,-2.071e-05,-4.17e-05,-0.00042579
2025-06-02,0.0053579,1.308e-05,-2.389e-05,0.0053471
2025-06-03,-0.0001122,3.313e-05,-6.433e-05,-0.0001434
2025-06-04,0.0078851,0.00035405,-1.8e-05,0.00822115
2025-06-05,-0.00450649,0.00030638,-2.953e-05,-0.00422963
2025-06-06,-0.01198462,0.00024475,-1.896e-05,-0.01175884
2025-06-07,0.00575947,0.00016629,-1.795e-05,0.00590781
2025-06-08,-0.0019181,0.00010884,-2.896e-05,-0.00183822
2025-06-09,0.01182993,3.393e-05,-1.723e-05,0.01184663
2025-06-10,0.0025063,2.713e-05,-2.208e-05,0.00251135
2025-06-11,-0.00448485,4.292e-05,-2.468e-05,-0.00446661
2025-06-12,0.00066606,0.00011663,-3.426e-05,0.00074842
2025-06-13,0.00252997,-1.402e-05,-3.044e-05,0.00248552
2025-06-14,-0.0022282,-2.55e-06,-2.602e-05,-0.00225677
2025-06-15,-0.00341766,1.774e-05,-2.598e-05,-0.0034259
2025-06-16,-0.00079353,3.513e-05,-2.41e-05,-0.00078249
2025-06-17,0.0013415,5.341e-05,-1.462e-05,0.00138028
2025-06-18,-0.00058098,1.484e-05,-2.99e-05,-0.00059603
2025-06-19,-0.00282732,3.942e-05,-6.15e-05,-0.0028494
2025-06-20,0.00250614,2.459e-05,-2.836e-05,0.00250237
2025-06-21,-0.00103138,4.272e-05,-7.444e-05,-0.0010631
2025-06-22,0.00307588,1.879e-05,-1.515e-05,0.00307951
2025-06-23,-0.00254624,9.13e-06,-1.103e-05,-0.00254814
2025-06-24,-0.00116275,3.146e-05,-4.836e-05,-0.00117964
2025-06-25,0.0015722,5.689e-05,-1.769e-05,0.0016114
2025-06-26,0.0038277,4.201e-05,-2.327e-05,0.00384644
2025-06-27,0.00064282,0.00015203,-2.862e-05,0.00076623
2025-06-28,-0.00364861,0.00017862,-2.927e-05,-0.00349927
2025-06-29,0.00263995,0.00059413,-2.461e-05,0.00320946
2025-06-30,0.0017125,0.00014502,-2.983e-05,0.0018277
2025-07-01,0.0014553,6.7e-06,-3.547e-05,0.00142653
2025-07-02,-0.00605163,5.499e-05,-9.78e-05,-0.00609444
2025-07-03,-0.00544443,0.00014542,-1.636e-05,-0.00531537
2025-07-04,0.00514471,6.939e-05,-1.699e-05,0.00519711
2025-07-05,0.00246884,5.843e-05,-4.075e-05,0.00248651
2025-07-06,-0.00306942,5.726e-05,-3.021e-05,-0.00304237
2025-07-07,0.00087909,5.217e-05,-1.52e-05,0.00091606
2025-07-08,-0.0025565,3.982e-05,-7.675e-05,-0.00259344
2025-07-09,-0.00683281,0.00010917,-1.452e-05,-0.00673816
2025-07-10,-0.00618022,5.808e-05,-4.862e-05,-0.00617076
2025-07-11,0.00201339,-1.915e-05,-3.495e-05,0.00195928
2025-07-12,-0.0015517,3.802e-05,-4.315e-05,-0.00155684
2025-07-13,0.00551675,7.834e-05,-8.974e-05,0.00550535
2025-07-14,0.00386611,1.846e-05,-7.013e-05,0.00381444
2025-07-15,-0.00210008,8.56e-06,-6.438e-05,-0.0021559
2025-07-16,-0.01109109,6.94e-06,-7.393e-05,-0.01115809
2025-07-17,0.00638372,1.696e-05,-6.391e-05,0.00633677
2025-07-18,-0.00517098,-3.976e-05,-6.414e-05,-0.00527488
2025-07-19,-0.00719086,-7.61e-06,-8.98e-05,-0.00728826
2025-07-20,-0.00897134,1.48e-06,-9.76e-05,-0.00906745
2025-07-21,0.00444584,3.359e-05,-7.143e-05,0.004408
2025-07-22,-0.00298662,2.106e-05,-0.00011205,-0.00307761
2025-07-23,-0.00508295,1.25e-05,-0.0001514,-0.00522185
2025-07-24,0.00022996,4.165e-05,-0.00011,0.00016161
2025-07-25,2.176e-05,5.12e-06,-7.915e-05,-5.227e-05
2025-07-26,0.00102611,4.7e-07,-9.168e-05,0.0009349
2025-07-27,0.00603671,-1.342e-05,-7.287e-05,0.00595042
2025-07-28,0.00765922,-8.78e-06,-3.949e-05,0.00761095
2025-07-29,-0.00566505,-4.194e-05,-8.928e-05,-0.00579627
2025-07-30,0.00812287,1.043e-05,-7.453e-05,0.00805877
2025-07-31,0.00531827,8.718e-05,-5.406e-05,0.0053514
2025-08-01,0.00428906,0.00021882,-4.502e-05,0.00446287
2025-08-02,-0.00725063,0.00022973,-2.112e-05,-0.00704201
2025-08-03,0.00979065,0.00021788,-4.324e-05,0.00996529
2025-08-04,-0.0035646,0.0001473,-4.08e-05,-0.0034581
2025-08-05,0.00218767,0.00012959,-6.755e-05,0.0022497
2025-08-06,0.00339532,0.00011543,-2.727e-05,0.00348348
2025-08-07,-0.00125408,7.755e-05,-1.349e-05,-0.00119002
2025-08-08,-0.0028965,0.00010109,-3.036e-05,-0.00282578
2025-08-09,0.00344881,2.75e-06,-3.411e-05,0.00341745
2025-08-10,0.00523844,4.125e-05,-5.081e-05,0.00522888
2025-08-11,0.01837528,2.371e-05,-9.681e-05,0.01830218
2025-08-12,-0.00625493,2.265e-05,-4.7e-05,-0.00627928
2025-08-13,-0.01216426,4.1e-05,-6.94e-05,-0.01219266
2025-08-14,0.00827357,4.156e-05,-5.598e-05,0.00825914
2025-08-15,-0.00025741,-4.414e-05,-4.933e-05,-0.00035088
2025-08-16,0.00078564,-4.131e-05,-7.572e-05,0.00066861
2025-08-17,0.00960833,3.68e-05,-5.025e-05,0.00959488
2025-08-18,0.00775717,-5.521e-05,-5.157e-05,0.00765039
2025-08-19,-0.00320083,-1.34e-05,-4.949e-05,-0.00326372
2025-08-20,0.0092445,2.036e-05,-2.772e-05,0.00923714
2025-08-21,-0.00417288,3.498e-05,-3.402e-05,-0.00417193
2025-08-22,0.00500251,4.414e-05,-3.005e-05,0.00501661
2025-08-23,-0.00096857,2.003e-05,-6.151e-05,-0.00101005
2025-08-24,0.00211512,4.061e-05,-2.863e-05,0.0021271
2025-08-25,0.0022834,-2.398e-05,-3.688e-05,0.00222254
2025-08-26,0.00146407,-3.308e-05,-2.815e-05,0.00140284
2025-08-27,-0.00583667,5.645e-05,-2.203e-05,-0.00580225
2025-08-28,0.00146264,3.087e-05,-2.559e-05,0.00146792
2025-08-29,0.00678048,3.868e-05,-3.807e-05,0.00678109
2025-08-30,-0.00318453,4.318e-05,-2.436e-05,-0.00316572
2025-08-31,0.0039654,4.895e-05,-1.979e-05,0.00399456
2025-09-01,-0.00216244,2.482e-05,-2.657e-05,-0.0021642
2025-09-02,-0.00415997,8.279e-05,-5.803e-05,-0.0041352
2025-09-03,0.0041327,9.968e-05,-7.31e-06,0.00422507
2025-09-04,-0.00362302,8.523e-05,-2.608e-05,-0.00356386
2025-09-05,0.00481199,0.00042372,-2.138e-05,0.00521433
2025-09-06,0.00232061,0.00061168,-1.875e-05,0.00291354
2025-09-07,-0.00599154,0.00012403,-3.824e-05,-0.00590575
2025-09-08,-0.01250048,0.00017647,-1.597e-05,-0.01233998
2025-09-09,0.00128302,0.00015336,-3.225e-05,0.00140412
2025-09-10,-0.00756296,0.00014996,-5.718e-05,-0.00747018
2025-09-11,0.00036031,0.00026566,-4.234e-05,0.00058363
2025-09-12,-0.00061134,0.00014144,-6.076e-05,-0.00053066
2025-09-13,-0.0011282,7.54e-05,-2.488e-05,-0.00107768
2025-09-14,0.00611642,6.524e-05,-4.973e-05,0.00613192
2025-09-15,0.00352762,4.832e-05,-3.846e-05,0.00353748
2025-09-16,-0.00225405,4.471e-05,-3.921e-05,-0.00224855
2025-09-17,0.00495139,5.333e-05,-7.786e-05,0.00492685
2025-09-18,0.00482567,6.506e-05,-6.534e-05,0.00482539
2025-09-19,0.01231644,5.188e-05,-3.037e-05,0.01233795
2025-09-20,0.01260726,0.00010312,-4.266e-05,0.01266772
2025-09-21,0.00390577,0.0001353,-5.282e-05,0.00398825
2025-09-22,0.00832234,0.00012012,-3.23e-05,0.00841015
2025-09-23,0.00139715,0.00010775,-3.792e-05,0.00146698
2025-09-24,-0.00716762,0.00012114,-2.214e-05,-0.00706861
2025-09-25,-0.00854415,8.382e-05,-1.724e-05,-0.00847757
2025-09-26,-0.00254543,8.776e-05,-5.181e-05,-0.00250948
2025-09-27,0.00168904,7.722e-05,-4.326e-05,0.001723
2025-09-28,0.00048094,5.166e-05,-2.021e-05,0.00051239
2025-09-29,0.00473138,2.738e-05,-1.444e-05,0.00474432
2025-09-30,-0.00416594,4.349e-05,-9.85e-06,-0.0041323
2025-10-01,-0.00633827,6.93e-05,-4.953e-05,-0.0063185
2025-10-02,0.00336742,3.436e-05,-2.91e-05,0.00337268
2025-10-03,0.01438775,-2.185e-05,-4.732e-05,0.01431857
2025-10-04,0.00019652,2.078e-05,-8.048e-05,0.00013681
2025-10-05,-0.00015695,7.018e-05,-6.309e-05,-0.00014986
2025-10-06,-0.00725786,-1.872e-05,-4.067e-05,-0.00731726
2025-10-07,0.0292095,4.898e-05,-2.887e-05,0.02922962
2025-10-08,-0.00562984,-1.442e-05,-4.514e-05,-0.0056894
2025-10-09,0.00769611,7.017e-05,-2.349e-05,0.00774279
2025-10-10,0.04984082,5.39e-05,-6.506e-05,0.04982966
2025-10-11,0.00990159,-0.00019592,-8.374e-05,0.00962193
2025-10-12,-0.01217899,-8.441e-05,-1.796e-05,-0.01228135
2025-10-13,-0.01628986,-5.686e-05,-4.357e-05,-0.01639029
2025-10-14,0.00271267,4.551e-05,-1.475e-05,0.00274343
2025-10-15,0.00320054,-4.62e-05,-1.633e-05,0.00313801
2025-10-16,0.00263078,-5.645e-05,-1.835e-05,0.00255598
2025-10-17,0.00024495,-2.08e-05,-1.047e-05,0.00021368
2025-10-18,-0.00159204,-3.08e-05,-2.389e-05,-0.00164673
2025-10-19,-0.00086031,-1.744e-05,-3.202e-05,-0.00090977
2025-10-20,-0.00059869,8.732e-05,-2.886e-05,-0.00054023
2025-10-21,0.00111245,6.513e-05,-1.037e-05,0.00116722
2025-10-22,0.00535189,1.922e-05,-3.39e-05,0.00533721
2025-10-23,-0.00138024,4.051e-05,-1.522e-05,-0.00135496
2025-10-24,-0.002906,0.00013249,-2.126e-05,-0.00279478
2025-10-25,0.00020432,0.0001118,-3.37e-05,0.00028242
2025-10-26,0.00174038,6.584e-05,-2.622e-05,0.00178
2025-10-27,0.00902085,7.76e-06,-2.187e-05,0.00900675
2025-10-28,0.00182969,6.17e-06,-1.628e-05,0.00181958
2025-10-29,-5.13e-06,3.415e-05,-2.255e-05,6.47e-06
2025-10-30,0.01964641,1.548e-05,-1.359e-05,0.0196483
2025-10-31,0.00629696,0.00011256,-2.068e-05,0.00638884
2025-11-01,-0.00271456,0.00019185,-1.321e-05,-0.00253592
2025-11-02,0.00114211,0.00016056,-1.948e-05,0.00128318
2025-11-03,0.0220981,8.389e-05,-3.315e-05,0.02214884
2025-11-04,0.00061835,0.00019177,-3.243e-05,0.00077769
2025-11-05,-0.00253138,0.00025091,-1.843e-05,-0.0022989
2025-11-06,0.01545605,0.00054215,-0.00013623,0.01586196
2025-11-07,-0.00418663,0.00040756,-1.626e-05,-0.00379532
2025-11-08,-0.00064963,2.03e-06,-2.431e-05,-0.00067191
2025-11-09,-0.00336207,0.00023445,-0.00013497,-0.00326259
2025-11-10,-0.01898446,0.00014987,-3.82e-05,-0.01887279
2025-11-11,-0.0049988,-9.261e-05,-1.608e-05,-0.00510749
2025-11-12,0.00637027,-0.00010083,-3.476e-05,0.00623468
2025-11-13,0.00617291,-5.579e-05,-3.173e-05,0.0060854
2025-11-14,0.03046867,-9.674e-05,-1.128e-05,0.03036065
2025-11-15,0.01225584,0.00048306,-2.004e-05,0.01271885
2025-11-16,-2.342e-05,0.00155089,-4.339e-05,0.00148408
2025-11-17,-0.00425759,0.00144181,-2.024e-05,-0.00283601
2025-11-18,-0.00219725,0.00024096,-3.33e-05,-0.00198959
2025-11-19,0.00301012,0.00028747,-3.076e-05,0.00326683
2025-11-20,0.00355206,0.00031976,-2.825e-05,0.00384356
2025-11-21,-0.01521643,0.00015585,-1.888e-05,-0.01507945
2025-11-22,-0.00413317,-2.849e-05,-4.011e-05,-0.00420177
2025-11-23,0.00220983,0.00026917,-2.414e-05,0.00245486
2025-11-24,-0.02339498,9.274e-05,-2.511e-05,-0.02332734
2025-11-25,-0.00356189,9.188e-05,-2.149e-05,-0.0034915
2025-11-26,0.0092268,0.0004017,-2.992e-05,0.00959857
2025-11-27,-0.012667,0.0008205,-2.894e-05,-0.01187544
2025-11-28,-0.00759219,0.00053868,-2.955e-05,-0.00708307
2025-11-29,0.00196197,0.00016036,-8.159e-05,0.00204074
2025-11-30,-0.00577065,9.229e-05,-3.308e-05,-0.00571144
2025-12-01,0.0009291,-1.677e-05,-3.858e-05,0.00087376
2025-12-02,-0.03378114,-4.6e-06,-2.8e-05,-0.03381373
2025-12-03,0.00267915,0.0002667,-2.805e-05,0.00291779
2025-12-04,0.00494553,0.00184739,-6.369e-05,0.00672923
2025-12-05,0.00833847,0.00118503,-2.105e-05,0.00950245
2025-12-06,-0.00087331,0.0015307,-2.505e-05,0.00063234
2025-12-07,-0.01000944,0.00078002,-4.338e-05,-0.0092728
2025-12-08,0.01388378,0.00017561,-3.043e-05,0.01402897
2025-12-09,0.01006517,-6.785e-05,-2.219e-05,0.00997514
2025-12-10,-8.631e-05,-1.827e-05,-3.974e-05,-0.00014432
2025-12-11,0.00576142,3.782e-05,-5.034e-05,0.0057489
2025-12-12,0.0080225,9.329e-05,-6.165e-05,0.00805414
2025-12-13,-0.00409715,0.00015478,-2.345e-05,-0.00396583
2025-12-14,-0.00065291,0.00011,-1.641e-05,-0.00055932
2025-12-15,0.01146846,0.00023274,-1.827e-05,0.01168293
2025-12-16,-0.00109065,0.00353269,-1.819e-05,0.00242385
2025-12-17,0.00107104,0.00162468,-2.615e-05,0.00266957
2025-12-18,-0.00045367,0.00041877,-5.805e-05,-9.295e-05
2025-12-19,0.00572345,0.00064966,-9.908e-05,0.00627402
2025-12-20,0.00047031,0.00027942,-4.226e-05,0.00070746
2025-12-21,-0.00090761,0.00104523,-4.251e-05,9.511e-05
2025-12-22,-0.006748,0.00062989,-2.9e-05,-0.00614711
2025-12-23,0.00734587,7.599e-05,-2.097e-05,0.00740089
2025-12-24,0.00359532,0.00076336,-1.828e-05,0.00434041
2025-12-25,0.01114283,0.00057402,-3.678e-05,0.01168007
2025-12-26,-0.00912032,0.00077122,-2.009e-05,-0.00836918
2025-12-27,0.00492712,0.00071227,-3.481e-05,0.00560457
2025-12-28,0.00083243,0.00083392,-3.776e-05,0.00162859
2025-12-29,-0.00360066,0.00099156,-5.128e-05,-0.00266037
2025-12-30,-0.00412007,0.00066918,-2.615e-05,-0.00347703
2025-12-31,0.01191213,0.00087027,-1.276e-05,0.01276964
2026-01-01,-0.02219547,0.00056344,-1.845e-05,-0.02165047
2026-01-02,-0.03158991,0.00131683,-2.878e-05,-0.03030186
2026-01-03,0.01265485,0.0005941,-6.535e-05,0.0131836
2026-01-04,-0.00478909,0.00103076,-8.699e-05,-0.00384532
2026-01-05,-0.01716342,0.00345911,-3.914e-05,-0.01374345
2026-01-06,-0.00921252,0.00133842,-6.211e-05,-0.00793621
2026-01-07,-0.00374476,0.00139233,-7.132e-05,-0.00242375
2026-01-08,0.00222934,0.00025898,-4.021e-05,0.00244811
2026-01-09,0.0065747,0.00038135,-4.352e-05,0.00691253
2026-01-10,-0.007137,0.000319,-6.11e-05,-0.0068791
2026-01-11,-0.00426672,0.00055902,-6.359e-05,-0.00377129
2026-01-12,0.00331895,0.00160403,-5.784e-05,0.00486514
2026-01-13,-0.01801637,0.0005095,-5.357e-05,-0.01756044
2026-01-14,0.00209526,0.00121636,-5.795e-05,0.00325368
2026-01-15,0.00618459,0.00073283,-7.412e-05,0.0068433
2026-01-16,-0.00150833,0.00033511,-7.683e-05,-0.00125005
2026-01-17,-0.00123957,0.0002408,-6.531e-05,-0.00106408
2026-01-18,0.00751993,0.00071199,-1.906e-05,0.00821286
2026-01-19,0.00120881,0.00060625,-3.257e-05,0.00178249
2026-01-20,0.00175299,0.00011215,-2.432e-05,0.00184082
2026-01-21,0.00697103,-3.054e-05,-3.848e-05,0.00690201
2026-01-22,0.00405381,0.00014651,-0.00011955,0.00408077
2026-01-23,0.00034143,0.00045911,-9.047e-05,0.00071007
2026-01-24,-0.00441454,0.00053749,-4.921e-05,-0.00392625
2026-01-25,-0.00593883,0.00012996,-1.762e-05,-0.00582649
2026-01-26,0.00018449,0.00073197,-4.788e-05,0.00086858
2026-01-27,0.01591412,0.00134291,-3.806e-05,0.01721896
2026-01-28,-0.01307586,0.00176872,-4.043e-05,-0.01134757
2026-01-29,-0.00326495,0.00105861,-5.241e-05,-0.00225875
2026-01-30,-0.00826161,0.00062206,-5.701e-05,-0.00769657
2026-01-31,-0.00333424,0.00046916,-2.37e-05,-0.00288879
2026-02-01,0.00516092,0.00021585,-1.893e-05,0.00535785
2026-02-02,-0.00455979,1.814e-05,-2.189e-05,-0.00456353
2026-02-03,0.00865881,-6.865e-05,-0.0001774,0.00841276
2026-02-04,0.016106,-0.00011058,-3.278e-05,0.01596264
2026-02-05,0.02441258,-4.545e-05,-4.327e-05,0.02432386
2026-02-06,-0.02384257,-0.00019446,-7.306e-05,-0.02411009
2026-02-07,0.00054865,-0.00016033,-4.648e-05,0.00034184
2026-02-08,0.02114115,-0.00023369,-1.697e-05,0.02089049
2026-02-09,0.00383996,0.00072934,-6.24e-06,0.00456305
2026-02-10,0.01945467,0.00175647,-1.776e-05,0.02119338
2026-02-11,0.01742007,0.00171645,-1.125e-05,0.01912528
2026-02-12,-0.01061418,0.00109311,-2.174e-05,-0.0095428
2026-02-13,0.00868032,0.00050951,-2.126e-05,0.00916857
2026-02-14,0.00136167,0.00075056,-1.891e-05,0.00209332
2026-02-15,0.00354919,0.0009466,-1.598e-05,0.0044798
2026-02-16,-0.00434766,0.00105278,-4.656e-05,-0.00334144
2026-02-17,-0.00921388,0.00110362,-2.766e-05,-0.00813792
2026-02-18,0.00603199,0.00115862,-1.41e-05,0.00717651
2026-02-19,-0.00015993,0.00093274,-1.943e-05,0.00075338
2026-02-20,-0.00202625,0.00164932,-1.722e-05,-0.00039415
2026-02-21,0.0024153,0.0006855,-4.764e-05,0.00305316
2026-02-22,0.01667216,0.00055511,-1.443e-05,0.01721284
2026-02-23,0.00276667,0.0003098,-4.411e-05,0.00303236
2026-02-24,0.00203335,0.00023524,-2.656e-05,0.00224203
2026-02-25,-0.04445762,0.00014687,-1.546e-05,-0.04432622
2026-02-26,0.00894506,0.00016998,-2.549e-05,0.00908956
2026-02-27,0.00805032,0.00017021,-5.235e-05,0.00816817
2026-02-28,0.0070795,0.00017511,-4.052e-05,0.00721409
2026-03-01,0.00698755,2.905e-05,-5.478e-05,0.00696181
2026-03-02,-0.01916142,0.00038399,-2.485e-05,-0.01880227
2026-03-03,-0.01855112,-0.00013712,-3.58e-05,-0.01872405
2026-03-04,-0.02170548,-0.00015031,-5.693e-05,-0.02191272
2026-03-05,0.00601707,-7.066e-05,-6.392e-05,0.00588249
2026-03-06,0.02362312,-0.00014469,-3.773e-05,0.02344069
2026-03-07,-0.00069939,-0.00014982,-3.553e-05,-0.00088473
2026-03-08,0.0013255,-0.00022221,-6.67e-06,0.00109662
2026-03-09,0.00098924,-0.00012179,-2.758e-05,0.00083988
2026-03-10,-0.00462814,-9.03e-06,-3.904e-05,-0.00467621
2026-03-11,-0.00027576,0.00018475,-1.445e-05,-0.00010546
2026-03-12,0.00044111,0.00041779,-3.753e-05,0.00082137
2026-03-13,-0.00444447,0.00066806,-4.655e-05,-0.00382295
2026-03-14,0.0017497,9.913e-05,-2.727e-05,0.00182157
2026-03-15,-0.00503514,0.0009909,-8.566e-05,-0.0041299
2026-03-16,-0.05022961,0.00207936,-1.587e-05,-0.04816613
2026-03-17,0.01592615,0.00088708,-6.326e-05,0.01674997
2026-03-18,0.01717341,-0.00010115,-8.518e-05,0.01698708
2026-03-19,-0.00324518,-2.138e-05,-7.797e-05,-0.00334454
2026-03-20,-0.00822826,-4.038e-05,-5.248e-05,-0.00832112
2026-03-21,0.00722077,9.995e-05,-5.43e-05,0.00726642
2026-03-22,0.03647061,0.0011936,-6.266e-05,0.03760155
2026-03-23,0.00725574,0.0003751,-2.809e-05,0.00760275
2026-03-24,0.00651814,0.00031805,-2.027e-05,0.00681592
2026-03-25,0.02690795,0.00064018,-5.041e-05,0.02749772
2026-03-26,-0.00198137,0.00039282,-2.434e-05,-0.00161288
2026-03-27,-0.00963736,0.00011383,-5.371e-05,-0.00957724
2026-03-28,0.0159768,0.00043363,-1.18e-05,0.01639863
2026-03-29,-0.00170693,0.00025868,-9.819e-05,-0.00154645
2026-03-30,-0.00544395,0.00011388,-5.832e-05,-0.00538839
2026-03-31,-0.00795922,-0.00012349,-1.779e-05,-0.0081005
2026-04-01,-0.01334618,-0.00015691,-3.989e-05,-0.01354297
2026-04-02,-0.00459612,-0.00017408,-4.794e-05,-0.00481813
2026-04-03,0.00566274,-0.00098392,-8.787e-05,0.00459094
2026-04-04,0.02603883,0.00070623,-5.469e-05,0.02669037
2026-04-05,-0.0032116,0.00016632,-4.223e-05,-0.00308751
2026-04-06,0.00904852,0.00018276,-4.171e-05,0.00918957
2026-04-07,0.0063172,2.96e-05,-4.751e-05,0.0062993
2026-04-08,0.00628946,0.0001062,-2.39e-05,0.00637175
2026-04-09,0.0006529,0.00021259,-5.394e-05,0.00081155
2026-04-10,-0.00787062,0.0009402,-8.353e-05,-0.00701395
2026-04-11,0.00742709,9.577e-05,-8.57e-05,0.00743716
2026-04-12,0.00197448,-0.00030768,-3.381e-05,0.00163299
2026-04-13,0.00280466,-0.00036967,-2.91e-05,0.0024059
2026-04-14,0.00240782,-0.00039393,-2.992e-05,0.00198397
2026-04-15,-0.00651915,-0.00022582,-3.953e-05,-0.0067845
2026-04-16,-0.0281429,0.00024105,-9.547e-05,-0.02799731
2026-04-17,-0.00165715,0.000421,-3.06e-05,-0.00126675
2026-04-18,0.00971303,0.00014513,-7.496e-05,0.0097832
2026-04-19,-0.00586035,-1.616e-05,-0.00010409,-0.0059806
2026-04-20,0.00207514,-5.223e-05,-4.997e-05,0.00197294
2026-04-21,-0.00918815,3.475e-05,-3.592e-05,-0.00918931
2026-04-22,-0.01302087,7.351e-05,-5.123e-05,-0.01299859
2026-04-23,0.00573138,-5.192e-05,-5.479e-05,0.00562467
2026-04-24,-0.00725674,0.00014759,-2.685e-05,-0.007136
2026-04-25,0.00122782,2.127e-05,-4.599e-05,0.0012031
2026-04-26,-0.00262502,2.46e-05,-2.407e-05,-0.00262449
2026-04-27,0.00734922,3.97e-05,-2.938e-05,0.00735954
2026-04-28,-0.00350097,-7.545e-05,-5.997e-05,-0.00363639
2026-04-29,-0.00389173,-6.675e-05,-3.572e-05,-0.0039942
2026-04-30,0.00665316,-1.801e-05,-3.44e-05,0.00660075
2026-05-01,0.01319447,-5.187e-05,-6.278e-05,0.01307982
2026-05-02,0.0053947,-0.00012402,-3.07e-05,0.00523998
2026-05-03,0.00581484,-0.00013429,-3.757e-05,0.00564297
2026-05-04,-0.00258064,-0.00020947,-5.599e-05,-0.0028461
2026-05-05,0.02681739,1.415e-05,-6.859e-05,0.02676295
2026-05-06,0.01172685,-0.00017987,-5.931e-05,0.01148768
2026-05-07,0.00062911,3.877e-05,-2.704e-05,0.00064084
2026-05-08,-0.0011207,0.00015379,-4.814e-05,-0.00101505
2026-05-09,0.00028085,0.00010647,-5.038e-05,0.00033694
2026-05-10,-0.01574709,-5.923e-05,-9.873e-05,-0.01590505
2026-05-11,-0.01992348,-3.201e-05,-0.00010756,-0.02006305
2026-05-12,0.01321855,3.364e-05,-7.693e-05,0.01317526
2026-05-13,-0.012755,-1.143e-05,-8.931e-05,-0.01285573
2026-05-14,-0.01366749,8e-08,-8.145e-05,-0.01374886
2026-05-15,-0.01546295,-1.783e-05,-7.23e-05,-0.01555308
2026-05-16,0.00081231,0.00054594,-8.411e-05,0.00127414
2026-05-17,0.00299819,0.00041829,-8.137e-05,0.00333512
2026-05-18,0.00524529,5.592e-05,-7.116e-05,0.00523005
2026-05-19,-0.00688675,8.715e-05,-9.935e-05,-0.00689895
2026-05-20,0.02847655,7.572e-05,-9.127e-05,0.028461
2026-05-21,-0.00665516,9.317e-05,-2.766e-05,-0.00658965
2026-05-22,-0.00979301,4.786e-05,-5.04e-05,-0.00979555
2026-05-23,0.01440882,-1.337e-05,-5.654e-05,0.01433891
2026-05-24,0.01662898,0.00010829,-3.649e-05,0.01670078
2026-05-25,0.00128606,1.626e-05,-3.005e-05,0.00127227
2026-05-26,-0.01058438,0.00011591,-3.118e-05,-0.01049965
2026-05-27,-0.01072859,0.00013101,-3.281e-05,-0.01063038
2026-05-28,-0.00213031,-3.014e-05,-3.229e-05,-0.00219274
2026-05-29,0.0122133,0.00010748,-9.372e-05,0.01222706
2026-05-30,0.00759265,0.00022411,-3.086e-05,0.0077859
2026-05-31,0.01901669,0.00065926,-3.543e-05,0.01964053
2026-06-01,0.0449967,0.00252096,-6.176e-05,0.0474559
2026-06-02,0.00972266,0.00220687,-8.151e-05,0.01184802
2026-06-03,0.04239956,0.00385897,-7.307e-05,0.04618545
2026-06-04,-0.0428133,0.00440055,-2.818e-05,-0.03844094
2026-06-05,0.00972727,7.677e-05,-3.557e-05,0.00976847
2026-06-06,-0.00356381,0.0001302,-7.89e-05,-0.00351251
2026-06-07,0.00997629,0.00015056,-1.785e-05,0.010109
2026-06-08,0.01038478,9.148e-05,-4.122e-05,0.01043504
2026-06-09,-0.00733359,3.329e-05,-2.392e-05,-0.00732422
2026-06-10,-0.02529883,9.041e-05,-2.526e-05,-0.02523368
2026-06-11,0.01757753,0.00013807,-8.377e-05,0.01763183
2026-06-12,-0.00627899,8.586e-05,-5.437e-05,-0.0062475
2026-06-13,0.00872021,9.996e-05,-3.511e-05,0.00878506
2026-06-14,-0.00221748,0.0001051,-1.266e-05,-0.00212504
2026-06-15,0.00318913,1.513e-05,-4.215e-05,0.00316211
2026-06-16,0.01227503,-2.01e-05,-1.61e-05,0.01223883
2026-06-17,-0.00408374,2.202e-05,-3.625e-05,-0.00409796
2026-06-18,0.01773821,-5.79e-06,-4.425e-05,0.01768817
2026-06-19,-0.00906483,2.553e-05,-1.762e-05,-0.00905692
2026-06-20,-0.00933461,4.279e-05,-2.866e-05,-0.00932047
2026-06-21,-0.00109809,9.975e-05,-1.146e-05,-0.0010098
2026-06-22,-0.00396049,-3.872e-05,-3.605e-05,-0.00403526
2026-06-23,-0.00432555,-0.00022489,-2.624e-05,-0.00457669
2026-06-24,0.00839751,0.00123648,-3.295e-05,0.00960104
2026-06-25,0.00938842,0.00085028,-6.864e-05,0.01017007
2026-06-26,-0.00532225,0.00153603,-2.059e-05,-0.00380681
2026-06-27,0.01396246,0.00267922,-7.57e-05,0.01656598
2026-06-28,-0.00010713,0.00089506,-3.594e-05,0.000752
2026-06-29,0.00500218,0.00218203,-1.14e-05,0.00717282
2026-06-30,0.00431004,0.00326857,-1.921e-05,0.00755939
2026-07-01,-0.0285218,0.00126923,-3.565e-05,-0.02728822
2026-07-02,0.0161422,0.00141087,-3.003e-05,0.01752304
2026-07-03,-0.03107771,0.00211366,-5.182e-05,-0.02901586
2026-07-04,0.03562099,0.00013876,-8.194e-05,0.03567782
2026-07-05,-0.00311465,0.00013375,-7.374e-05,-0.00305463
2026-07-06,-0.00127489,0.00115419,-5.118e-05,-0.00017188
2026-07-07,-0.00716376,0.00390186,-4.753e-05,-0.00330943
2026-07-08,-0.01164446,0.00024172,-3.841e-05,-0.01144116
2026-07-09,0.00095114,-2.088e-05,-5.785e-05,0.00087241
2026-07-10,-0.00775849,-1.859e-05,-7.893e-05,-0.00785601
2026-07-11,-0.00492609,-7.13e-05,-2.801e-05,-0.0050254
2026-07-12,0.01001456,-0.00014106,-4.238e-05,0.00983112
2026-07-13,-0.01098482,-0.00010105,-2.62e-05,-0.01111207
2026-07-14,0.00480877,-0.00011089,-3.549e-05,0.00466238
2026-07-15,-0.00376126,-3.546e-05,-2.647e-05,-0.0038232
2026-07-16,-0.0110183,-4.471e-05,-6.159e-05,-0.01112461
2026-07-17,-0.01552662,-6.46e-05,-3.361e-05,-0.01562482
2026-07-18,0.00747774,-7.81e-06,-3.277e-05,0.00743716
2026-07-19,-0.00718021,-2.89e-06,-2.547e-05,-0.00720857
2026-07-20,0.00538416,-4.62e-05,-3.331e-05,0.00530465
2026-07-21,-0.01852975,-1.372e-05,-9.415e-05,-0.01863762
2026-07-22,-0.00223172,3.126e-05,-2.612e-05,-0.00222658
2026-07-23,0.00656683,-2.198e-05,-3.149e-05,0.00651335
2026-07-24,0.00271248,0.00036845,-5.535e-05,0.00302558
2026-07-25,0.00424728,0.00012324,-2.08e-05,0.00434972
2026-07-26,0.00062916,0.00012794,-1.749e-05,0.00073961
2026-07-27,0.00099483,1.586e-05,-3.159e-05,0.0009791
2026-07-28,-0.01299768,-5.924e-05,-3.681e-05,-0.01309373
2026-07-29,-0.00653458,0.00012534,-5.082e-05,-0.00646006
2026-07-30,-0.01245715,0.00115096,-4.878e-05,-0.01135497
2026-07-31,-0.00252003,0.00111121,-6.383e-05,-0.00147266
2026-08-01,-0.00168827,0.00039515,-4.844e-05,-0.00134156
2026-08-02,-0.00832166,0.00030728,-3.097e-05,-0.00804535
2026-08-03,-0.00255843,0.00062691,-5.019e-05,-0.0019817
2026-08-04,0.00589212,0.00040935,-6.707e-05,0.00623439
2026-08-05,-0.00499945,-7.253e-05,-6.012e-05,-0.00513211
2026-08-06,0.00562141,1.873e-05,-4.652e-05,0.00559362
2026-08-07,-0.00267588,-4.929e-05,-3.42e-05,-0.00275937
2026-08-08,-0.00700755,4.323e-05,-4.898e-05,-0.0070133
2026-08-09,-0.00179129,0.00012087,-6.705e-05,-0.00173746
2026-08-10,-0.00310438,3.963e-05,-3.471e-05,-0.00309947
2026-08-11,-0.00949979,-1.001e-05,-4.816e-05,-0.00955796
2026-08-12,0.00603833,6.691e-05,-5.075e-05,0.0060545
2026-08-13,0.00553714,-0.00011762,-7.565e-05,0.00534386
2026-08-14,0.01034073,3.19e-06,-4.221e-05,0.01030171
2026-08-15,-0.00032154,-0.00018704,-6.498e-05,-0.00057356
2026-08-16,-2.36e-06,-0.00013926,-5.928e-05,-0.0002009
2026-08-17,-0.00643733,0.00037547,-8.833e-05,-0.0061502
2026-08-18,0.00334748,0.00051375,-5.13e-05,0.00380994
2026-08-19,-0.00482199,0.00036005,-6.263e-05,-0.00452457
2026-08-20,-0.0170012,0.00035307,-0.00010053,-0.01674867
2026-08-21,-0.02703738,-0.00019135,-0.00010821,-0.02733694
2026-08-22,0.01751091,-0.00151234,-0.00010121,0.01589736
2026-08-23,7.557e-05,-0.00130631,-0.00011459,-0.00134533
2026-08-24,-0.00598196,-0.00080034,-6.039e-05,-0.00684269
